id	name	level	vocation	vocation_id	town_id	new_name
65001	Aldric Steelarm	8	knight	4	6	Grizzle Alyronia
65002	Lyra Steelarm	9	knight	4	17	Lyana Jadestone
65003	Theron Steelarm	11	paladin	3	10	Sever Heartspear
65004	Isolde Steelarm	13	druid	2	6	Galdon Whitehoof
65005	Magnus Steelarm	15	knight	4	14	Caeduum Ravenspire
65006	Freya Steelarm	17	sorcerer	1	8	Haedis Aran
65007	Ragnar Steelarm	19	knight	4	22	Mennet Dawntalon
65008	Astrid Steelarm	21	paladin	7	16	Lian Blackout
65009	Cedric Steelarm	23	druid	6	22	Broll Shadowfury
65010	Elara Steelarm	24	sorcerer	5	6	Lexington Purdue
65011	Finn Steelarm	26	sorcerer	5	9	Marryk Helhammer
65012	Gwen Steelarm	28	druid	6	15	Bale Greenhoof
65013	Henrik Steelarm	30	druid	6	20	Greiz Keller
65014	Isla Steelarm	32	druid	6	14	Brock Stonecrest
65015	Jorik Steelarm	34	paladin	7	15	Argus Azuregaze
65016	Keira Steelarm	36	sorcerer	5	8	Anastasia Beats
65017	Leander Steelarm	38	paladin	7	15	Sammuel Bloomhorn
65018	Mira Steelarm	39	knight	8	11	Kurdran Bloodhoof
65019	Nikolai Steelarm	41	paladin	7	14	Calindris Arcalus
65020	Ophelia Steelarm	43	knight	8	13	Giles2 Brightstar
65021	Omiros Steelarm	45	sorcerer	5	17	Ronin Brightdawn
65022	Borkent Steelarm	47	sorcerer	5	15	Huglar Starweaver
65023	Azir Steelarm	49	sorcerer	5	17	Varanis Iceshard
65024	Plaros Steelarm	51	knight	8	5	Holgar Darkstrider
65025	Paublock Steelarm	53	druid	6	5	Magrum Caydiem
65026	Thadnemara Steelarm	54	sorcerer	5	20	Dalar Arcshine
65027	Pegui Steelarm	56	druid	6	11	Bruto Althal
65028	Nevintsild Steelarm	58	druid	6	8	Hahna Emberhammer
65029	Tonguarik Steelarm	60	sorcerer	5	5	Thalyssra Windhammer
65030	Sveromesse Steelarm	62	sorcerer	5	22	Amano Blankheart
65031	Ghta Steelarm	64	druid	6	16	Tylos Yewshade
65032	Seromady Steelarm	66	paladin	7	9	Darahu Rezan
65033	Chran Steelarm	68	sorcerer	5	14	Zaldimar Wolfvale
65034	Gnomedorbo Steelarm	69	sorcerer	5	22	Valeria Anvilmar
65035	Wilisolani Steelarm	71	druid	6	22	Pyotr Carkad
65036	Foozorf Steelarm	73	druid	6	9	Malanys Kimble
65037	Drodromes Steelarm	75	sorcerer	5	11	Deino Voidwhisper
65038	Elance Steelarm	77	knight	8	14	Cairne Silverbreaker
65039	Cern Steelarm	79	druid	6	9	Muffinus Coalheart
65040	Jorth Steelarm	81	sorcerer	5	20	Adsila Greenpaw
65041	Carinus Steelarm	83	druid	6	15	Kage Brighthorn
65042	Gell Steelarm	84	sorcerer	5	17	Fen Boarsbane
65043	Mema Steelarm	86	druid	6	14	Lisandra Bearhide
65044	Valkephenc Steelarm	88	paladin	7	16	Malah Blazewing
65045	Gnom Steelarm	90	knight	8	13	Tarshaw Steelheart
65046	Bervion Steelarm	92	knight	8	10	Marduk Foehammer
65047	Nizzley Steelarm	94	paladin	7	20	Aeus Arnareth
65048	Jaeggy Steelarm	96	druid	6	13	Pontimer Palestar
65049	Lukeniess Steelarm	98	druid	6	13	Broan Abiectus
65050	Borks Steelarm	100	druid	6	15	Baristolth Stormcaller
65051	Aldric Mistwalker	100	knight	8	16	Fara Bloodwish
65052	Lyra Mistwalker	101	druid	6	15	Alhas Grimstrike
65053	Theron Mistwalker	102	druid	6	9	Askara Raventhorn
65054	Isolde Mistwalker	103	knight	8	6	Verstok Ashhammer
65055	Magnus Mistwalker	104	druid	6	17	Avara Steelbrand
65056	Freya Mistwalker	105	sorcerer	5	5	Nakeeta Bloodbane
65057	Ragnar Mistwalker	106	paladin	7	5	Ares Trueblade
65058	Astrid Mistwalker	107	sorcerer	5	16	Tundra Alturas
65059	Cedric Mistwalker	108	druid	6	20	Grillok Bloodwind
65060	Elara Mistwalker	109	druid	6	13	Kona Emberweaver
65061	Finn Mistwalker	110	druid	6	22	Denatharion Plainwalker
65062	Gwen Mistwalker	111	paladin	7	9	Larethor Brightmane
65063	Henrik Mistwalker	112	druid	6	16	Corvine Moonhorn
65064	Isla Mistwalker	113	druid	6	6	Sesebi Blackwolf
65065	Jorik Mistwalker	114	paladin	7	10	Raleigh VonZeldig
65066	Keira Mistwalker	115	knight	8	11	Alsudar Bonesplitter
65067	Leander Mistwalker	116	paladin	7	16	Arius Senturus
65068	Mira Mistwalker	117	paladin	7	13	Haranto Dimspirit
65069	Nikolai Mistwalker	118	druid	6	14	Altruis Wolfguard
65070	Ophelia Mistwalker	119	druid	6	20	Avelia Calhandro
65071	Omiros Mistwalker	120	sorcerer	5	14	Keela Skyflame
65072	Borkent Mistwalker	121	knight	8	15	Rofilian Neyrelle
65073	Azir Mistwalker	122	paladin	7	6	Trey Deathvale
65074	Plaros Mistwalker	123	paladin	7	8	Ashbury Shatterfury
65075	Paublock Mistwalker	124	paladin	7	11	Delgren Brightfrost
65076	Thadnemara Mistwalker	125	sorcerer	5	17	Traiborn Cinderpaw
65077	Pegui Mistwalker	126	knight	8	5	Juisheng Ashvale
65078	Nevintsild Mistwalker	127	sorcerer	5	6	Ursyn Mistbane
65079	Tonguarik Mistwalker	128	druid	6	17	Crawford Arcarrow
65080	Sveromesse Mistwalker	129	paladin	7	22	Androk Bloodmourn
65081	Ghta Mistwalker	130	paladin	7	5	Alora Galewraith
65082	Seromady Mistwalker	131	sorcerer	5	9	Alaria Battlescar
65083	Chran Mistwalker	132	druid	6	7	Jannos Bloodfang
65084	Gnomedorbo Mistwalker	133	paladin	7	14	Asayza Crimsonvale
65085	Wilisolani Mistwalker	134	druid	6	11	Dareth Bartis
65086	Foozorf Mistwalker	135	paladin	7	9	Cona Astrandis
65087	Drodromes Mistwalker	136	knight	8	16	Durotan Clutchpop
65088	Elance Mistwalker	137	druid	6	16	Heralath Moontree
65089	Cern Mistwalker	138	druid	6	20	Gaivan Valestrider
65090	Jorth Mistwalker	139	druid	6	6	Baranka Blightbearer
65091	Carinus Mistwalker	140	knight	8	5	Ashleigh Rockmaul
65092	Gell Mistwalker	141	druid	6	5	Eivi Darkspark
65093	Mema Mistwalker	142	paladin	7	22	Addar Cloudbloom
65094	Valkephenc Mistwalker	143	druid	6	17	Wren Bellix
65095	Gnom Mistwalker	144	knight	8	8	Bor Mistsinger
65096	Bervion Mistwalker	145	sorcerer	5	14	Arctikus Flamestrike
65097	Nizzley Mistwalker	146	sorcerer	5	9	Landra Ankor
65098	Jaeggy Mistwalker	147	druid	6	6	Harene Darksnout
65099	Lukeniess Mistwalker	148	paladin	7	13	Kalatrina Doomhoof
65100	Borks Mistwalker	149	sorcerer	5	13	Yan Ainetu
65101	Aldric Shadowbane	150	knight	8	8	Lago Windblade
65102	Lyra Shadowbane	151	paladin	7	13	Liu Carrington
65103	Theron Shadowbane	152	sorcerer	5	22	Dougal Mae
65104	Isolde Shadowbane	153	knight	8	17	Kalandra Aurelius
65105	Magnus Shadowbane	154	paladin	7	10	Kristoff Bladeshadow
65106	Freya Shadowbane	155	druid	6	5	Ahote Frostkeeper
65107	Ragnar Shadowbane	156	sorcerer	5	8	Torseldori Merrowith
65108	Astrid Shadowbane	157	knight	8	14	Akida Arcspark
65109	Cedric Shadowbane	158	paladin	7	15	Mehlar Oakthorn
65110	Elara Shadowbane	159	knight	8	14	Maaklu Angerboda
65111	Finn Shadowbane	160	knight	8	14	Karyn Whitmoor
65112	Gwen Shadowbane	161	paladin	7	13	Duyash Trueheart
65113	Henrik Shadowbane	162	knight	8	5	Asterae Paik
65114	Isla Shadowbane	163	sorcerer	5	16	Filinthus Dewsong
65115	Jorik Shadowbane	164	knight	8	10	Arly Blusterblast
65116	Keira Shadowbane	165	paladin	7	13	Andrissa Bloodthirst
65117	Leander Shadowbane	166	paladin	7	14	Wilhelm Frostfist
65118	Mira Shadowbane	167	sorcerer	5	11	Kaelystia Ashfallen
65119	Nikolai Shadowbane	168	paladin	7	20	Angelista Charges
65120	Ophelia Shadowbane	169	knight	8	22	Korvas Mistmantle
65121	Omiros Shadowbane	170	sorcerer	5	20	Cathan Brightsworn
65122	Borkent Shadowbane	171	druid	6	17	Liang Rageclaw
65123	Azir Shadowbane	172	druid	6	14	Wirt Astalon2
65124	Plaros Shadowbane	173	knight	8	9	Aggralan Banra
65125	Paublock Shadowbane	174	sorcerer	5	11	Deedit Cinderwake
65126	Thadnemara Shadowbane	175	knight	8	13	Chang Grafe
65127	Pegui Shadowbane	176	sorcerer	5	9	Arvos Blightsworn
65128	Nevintsild Shadowbane	177	knight	8	14	Whitney Flameflame
65129	Tonguarik Shadowbane	178	druid	6	16	Boshi Ravenforge
65130	Sveromesse Shadowbane	179	paladin	7	11	Bachi Dawnborn
65131	Ghta Shadowbane	180	paladin	7	15	Akiak Dethwidget
65132	Seromady Shadowbane	181	paladin	7	17	Delas Arlan
65133	Chran Shadowbane	182	sorcerer	5	14	Mizgog Nurribit
65134	Gnomedorbo Shadowbane	183	druid	6	14	Kistane Bloodfire
65135	Wilisolani Shadowbane	184	knight	8	20	Akara Buzzboom
65136	Foozorf Shadowbane	185	knight	8	7	Ilsa Corpsemonger
65137	Drodromes Shadowbane	186	sorcerer	5	10	Edirah Ceefer
65138	Elance Shadowbane	187	paladin	7	9	Maraad Grummner
65139	Cern Shadowbane	188	druid	6	14	Lama Awlyn
65140	Jorth Shadowbane	189	sorcerer	5	22	Zaen Flamehand
65141	Carinus Shadowbane	190	paladin	7	11	Adrielle Darkleaf
65142	Gell Shadowbane	191	druid	6	11	Sarah Skyfist
65143	Mema Shadowbane	192	paladin	7	9	Grogmar Ironhusk
65144	Valkephenc Shadowbane	193	druid	6	13	Agramalor Moonspring
65145	Gnom Shadowbane	194	paladin	7	13	Nicholas Redeemer
65146	Bervion Shadowbane	195	druid	6	11	Narestel Wallyce
65147	Nizzley Shadowbane	196	sorcerer	5	16	Milstaff Ricksaw
65148	Jaeggy Shadowbane	197	paladin	7	14	Burghy Frostsprocket
65149	Lukeniess Shadowbane	198	knight	8	7	Yana Montoy
65150	Borks Shadowbane	199	knight	8	11	Halga Wolfwraith
65151	Aldric Ironforge	200	knight	8	20	Wu Dawnslayer
65152	Lyra Ironforge	201	paladin	7	7	Andarin Blackbeard2
65153	Theron Ironforge	202	knight	8	15	Radulf Adams
65154	Isolde Ironforge	203	knight	8	16	Artesh Darkstride
65155	Magnus Ironforge	204	druid	6	20	Talar Blackburn
65156	Freya Ironforge	205	knight	8	16	Caelus Frostglen
65157	Ragnar Ironforge	206	druid	6	11	Arktos Ardogan
65158	Astrid Ironforge	207	sorcerer	5	13	Serena Ashspire
65159	Cedric Ironforge	208	paladin	7	20	Cuo Amrell
65160	Elara Ironforge	209	druid	6	10	Timothy2 Darkforge
65161	Finn Ironforge	210	sorcerer	5	17	Anders Runeglow
65162	Gwen Ironforge	211	paladin	7	14	Santiago Darkfrost
65163	Henrik Ironforge	212	sorcerer	5	20	Hiro Fairgraves
65164	Isla Ironforge	213	knight	8	11	Aniduria Silverrunner
65165	Jorik Ironforge	214	sorcerer	5	13	Mysandra Anvol
65166	Keira Ironforge	215	druid	6	15	Kuma Blazeseer
65167	Leander Ironforge	216	paladin	7	17	Jia Crowder
65168	Mira Ironforge	217	sorcerer	5	5	Sagorne Firecaster
65169	Nikolai Ironforge	218	druid	6	5	Bialon Thornshadow
65170	Ophelia Ironforge	219	sorcerer	5	17	Myndimendez Hatebringer
65171	Omiros Ironforge	220	paladin	7	10	Aluumen Greymane
65172	Borkent Ironforge	221	paladin	7	16	Kryton Starwood
65173	Azir Ironforge	222	sorcerer	5	9	Rulfe Blackthistle
65174	Plaros Ironforge	223	knight	8	15	Grommash Aldire
65175	Paublock Ironforge	224	knight	8	14	Kort Dabisi
65176	Thadnemara Ironforge	225	druid	6	13	Pyongxu Willowshade
65177	Pegui Ironforge	226	druid	6	22	Erin Trueoak
65178	Nevintsild Ironforge	227	paladin	7	11	Koen Mace
65179	Tonguarik Ironforge	228	paladin	7	6	Inuuro Blackmoore
65180	Sveromesse Ironforge	229	paladin	7	10	Helaku Bajheera
65181	Ghta Ironforge	230	druid	6	16	Qun Strongoak
65182	Seromady Ironforge	231	sorcerer	5	20	Rinsit Firesong
65183	Chran Ironforge	232	knight	8	9	Reginald Bakkan
65184	Gnomedorbo Ironforge	233	druid	6	5	Celadina Grovesong
65185	Wilisolani Ironforge	234	knight	8	10	Tigar Brighthoof
65186	Foozorf Ironforge	235	knight	8	22	Innes Cashien
65187	Drodromes Ironforge	236	sorcerer	5	9	Araspeth Alder
65188	Elance Ironforge	237	sorcerer	5	17	Belothiel Felmane
65189	Cern Ironforge	238	knight	8	15	Mayara Blazetusk
65190	Jorth Ironforge	239	druid	6	22	Talran Thunderwalk
65191	Carinus Ironforge	240	knight	8	20	Halbu Cloudcaller
65192	Gell Ironforge	241	sorcerer	5	11	Conjurus Bladebane
65193	Mema Ironforge	242	druid	6	9	Pao Brackenpaw
65194	Valkephenc Ironforge	243	sorcerer	5	14	Malin Silverbeam
65195	Gnom Ironforge	244	paladin	7	13	Yaala Axefall
65196	Bervion Ironforge	245	sorcerer	5	14	Grinfel Dawnstar
65197	Nizzley Ironforge	246	knight	8	9	Velog Skullcrusher
65198	Jaeggy Ironforge	247	druid	6	10	Melithar Darkthorn
65199	Lukeniess Ironforge	248	knight	8	9	Adrihi Bastion
65200	Borks Ironforge	250	sorcerer	5	5	Allen Sparkmantle
65208	Aldric Stormwind	250	sorcerer	5	20	Antheol Coldhoof
65209	Lyra Stormwind	251	sorcerer	5	16	Bethor Dawnstrider
65210	Theron Stormwind	252	knight	8	5	Justrain Ashlainne
65211	Isolde Stormwind	253	sorcerer	5	9	Alethar Stormmane
65212	Magnus Stormwind	254	knight	8	7	Gygus Cloudsleeper
65213	Freya Stormwind	255	druid	6	20	Lynnia Skywhisper
65214	Ragnar Stormwind	256	knight	8	8	Zelmak Daishalan
65215	Astrid Stormwind	257	paladin	7	6	Aalesia Bloodseeker
65216	Cedric Stormwind	258	druid	6	10	Gorandir Brayden
65217	Elara Stormwind	259	paladin	7	7	Acrypha Lightbringer
65218	Finn Stormwind	260	knight	8	14	Larn Duskwhisper
65219	Gwen Stormwind	261	druid	6	6	Thisalee Burningbeard
65220	Henrik Stormwind	262	sorcerer	5	9	Whitezag Ironsplitter
65221	Isla Stormwind	263	paladin	7	5	Darlia Pearson
65222	Jorik Stormwind	264	sorcerer	5	9	Inethven Justrain
65223	Keira Stormwind	265	sorcerer	5	20	Esmund Duskbind
65224	Leander Stormwind	266	paladin	7	17	Aesom Astroleth
65225	Mira Stormwind	267	knight	8	9	Anduin Archeron
65226	Nikolai Stormwind	268	druid	6	22	Jannok Chillblade
65227	Ophelia Stormwind	269	paladin	7	22	Carlos Bybee
65228	Omiros Stormwind	270	druid	6	5	Melador Bhogo
65229	Borkent Stormwind	271	paladin	7	9	Anaeli Mistshadow
65230	Azir Stormwind	272	sorcerer	5	5	Derek Austin2
65231	Plaros Stormwind	273	druid	6	11	Musu Sunbreaker
65232	Paublock Stormwind	274	paladin	7	15	Boahn Atkins
65233	Thadnemara Stormwind	275	sorcerer	5	22	Domona Ragehoof
65234	Pegui Stormwind	276	druid	6	17	Elerethe Wildmane
65235	Nevintsild Stormwind	277	knight	8	20	Akolik Berlyn2
65236	Tonguarik Stormwind	278	knight	8	10	Dangard Darkterror
65237	Sveromesse Stormwind	279	knight	8	10	Avuun Caverndeep
65238	Ghta Stormwind	280	druid	6	17	Xeranitas Blasco
65239	Seromady Stormwind	281	sorcerer	5	8	Shymm Dawnsbane
65240	Chran Stormwind	282	druid	6	6	Logor Emberblade
65241	Gnomedorbo Stormwind	283	paladin	7	22	Commodus Lightforge
65242	Wilisolani Stormwind	284	paladin	7	8	Cazul Ironbrow
65243	Foozorf Stormwind	285	sorcerer	5	9	Elsharin Honeydew
65244	Drodromes Stormwind	286	knight	8	20	Torinn Steelbarrow
65245	Elance Stormwind	287	knight	8	9	Kilrogg Blackhammer
65246	Cern Stormwind	288	sorcerer	5	7	Honeywell Brightsteppe
65247	Jorth Stormwind	289	knight	8	10	Thran Spiritbinder
65248	Carinus Stormwind	290	knight	8	17	Arachni DuLac
65249	Gell Stormwind	291	sorcerer	5	11	Adami Grimhatchet
65250	Mema Stormwind	292	paladin	7	16	Iopi Justicar
65251	Valkephenc Stormwind	293	paladin	7	17	Brena Cragshot
65252	Gnom Stormwind	294	sorcerer	5	14	Addisyn Emberseeker
65253	Bervion Stormwind	295	knight	8	8	Kaelan Bronzebeard
65254	Nizzley Stormwind	296	sorcerer	5	9	Shug Dreamsmasher
65255	Jaeggy Stormwind	297	knight	8	15	Athridas Darkblood
65256	Lukeniess Stormwind	298	paladin	7	5	Aeqinus Cotner
65257	Borks Stormwind	299	druid	6	11	Davinia Bearwalker
65258	Aldric Dawnbringer	300	knight	8	6	Elzix Doomhammer
65259	Lyra Dawnbringer	301	paladin	7	15	Feero Quillpaw
65260	Theron Dawnbringer	302	druid	6	10	Bimini Shadowstalker
65261	Isolde Dawnbringer	303	druid	6	6	Marez Duskwing
65262	Magnus Dawnbringer	304	knight	8	7	Aldrin Darktusk
65263	Freya Dawnbringer	305	paladin	7	13	Celoenus Starwalker
65264	Ragnar Dawnbringer	306	paladin	7	11	Davil Bitterstone
65265	Astrid Dawnbringer	307	druid	6	7	Raszel Ashi
65266	Cedric Dawnbringer	308	sorcerer	5	14	Tani Frostwind
65267	Elara Dawnbringer	309	paladin	7	20	Arator Ravenbreaker
65268	Finn Dawnbringer	310	sorcerer	5	10	Kryten Bloodslur
65269	Gwen Dawnbringer	311	knight	8	22	Ogros Demonsbane
65270	Henrik Dawnbringer	312	knight	8	10	Flint Silverbane
65271	Isla Dawnbringer	313	druid	6	16	Blaise Deathbrand
65272	Jorik Dawnbringer	314	knight	8	11	Barnabas Covington
65273	Keira Dawnbringer	315	paladin	7	22	Shinfel Bixtix
65274	Leander Dawnbringer	316	druid	6	11	Kaz Thornhorn
65275	Mira Dawnbringer	317	knight	8	22	Agramon Cloudchant
65276	Nikolai Dawnbringer	318	knight	8	13	Altor Cloudstalker
65277	Ophelia Dawnbringer	319	druid	6	6	Kador Bombstrider
65278	Omiros Dawnbringer	320	knight	8	9	Garneg Starhelm
65279	Borkent Dawnbringer	321	sorcerer	5	8	Grayzag Darkseeker
65280	Azir Dawnbringer	322	knight	8	20	Veruca Deadeye
65281	Plaros Dawnbringer	323	paladin	7	7	Chikkers Banedrizzle
65282	Paublock Dawnbringer	324	druid	6	11	Pikkupstix Shadowseeker
65283	Thadnemara Dawnbringer	325	knight	8	15	Grennan Deathmane
65284	Pegui Dawnbringer	326	paladin	7	11	Daryl Brooksinger
65285	Nevintsild Dawnbringer	327	paladin	7	7	Veanna Cinderfury
65286	Tonguarik Dawnbringer	328	paladin	7	14	Berard Stormcrest
65287	Sveromesse Dawnbringer	329	sorcerer	5	16	Tagar Rageshadow
65288	Ghta Dawnbringer	330	druid	6	8	Sheal Firesinger
65289	Seromady Dawnbringer	331	druid	6	17	Archibald Pine
65290	Chran Dawnbringer	332	paladin	7	16	Arynthia Bramblescar
65291	Gnomedorbo Dawnbringer	333	druid	6	8	Thunker Ashwing
65292	Wilisolani Dawnbringer	334	paladin	7	11	Ararat Mistmane
65293	Foozorf Dawnbringer	335	druid	6	10	Kanga Edune
65294	Drodromes Dawnbringer	336	knight	8	10	Cacklebone Blackheart
65295	Elance Dawnbringer	337	knight	8	7	Dalgorsh Blightspreader
65296	Cern Dawnbringer	338	sorcerer	5	15	Celydrea Arynna
65297	Jorth Dawnbringer	339	knight	8	11	Ku Remnara
65298	Carinus Dawnbringer	340	sorcerer	5	7	Orbaz Wildhorn
65299	Gell Dawnbringer	341	sorcerer	5	7	Rebecca Mistfist
65300	Mema Dawnbringer	342	knight	8	8	Kazil Doomclaw
65301	Valkephenc Dawnbringer	343	knight	8	16	Muradin Skullbreaker
65302	Gnom Dawnbringer	344	druid	6	20	Damogath Darkscream
65303	Bervion Dawnbringer	345	paladin	7	6	Eligor Hipsbrew
65304	Nizzley Dawnbringer	346	druid	6	8	Bordrak Greenheart
65305	Jaeggy Dawnbringer	347	knight	8	10	Bathrah Stoneshield
65306	Lukeniess Dawnbringer	348	sorcerer	5	7	Triharde Daggerfang
65307	Borks Dawnbringer	349	paladin	7	9	Fareeya Highforge
65308	Aldric Nightwhisper	350	paladin	7	8	Akrosh2 Bloodmee
65309	Lyra Nightwhisper	351	druid	6	13	Oben Schnau
65310	Theron Nightwhisper	352	druid	6	7	Debros Darkmane
65311	Isolde Nightwhisper	353	druid	6	13	Asoren Bearmantle
65312	Magnus Nightwhisper	354	druid	6	6	Braxiss Grimkeeper
65313	Freya Nightwhisper	355	sorcerer	5	17	Thurman Ravenshield
65314	Ragnar Nightwhisper	356	knight	8	8	Telkar Frostsong
65315	Astrid Nightwhisper	357	paladin	7	16	Dranarus Dreamchaser
65316	Cedric Nightwhisper	358	knight	8	6	Grezz Ambersky
65317	Elara Nightwhisper	359	paladin	7	10	Xagnus Bladeturner
65318	Finn Nightwhisper	360	druid	6	11	Alarr Brandykeg
65319	Gwen Nightwhisper	361	paladin	7	13	Maximillian Antille
65320	Henrik Nightwhisper	362	druid	6	11	Ryn Blightrunner
65321	Isla Nightwhisper	363	paladin	7	5	Amie Bashguud
65322	Jorik Nightwhisper	364	paladin	7	16	Agamand Sunstrike
65323	Keira Nightwhisper	365	paladin	7	16	Althallen Windwatcher
65324	Leander Nightwhisper	366	sorcerer	5	7	Taloram Bjornsdottir
65325	Mira Nightwhisper	367	sorcerer	5	8	Herschel Burnbright
65326	Nikolai Nightwhisper	368	knight	8	6	Elliana Steelkeeper
65327	Ophelia Nightwhisper	369	druid	6	17	Di Flamewhisper
65328	Omiros Nightwhisper	370	druid	6	7	Golhine Brokenspear
65329	Borkent Nightwhisper	371	knight	8	14	Ariok Falck
65330	Azir Nightwhisper	372	paladin	7	17	Ansela Soulcaller
65331	Plaros Nightwhisper	373	druid	6	20	Bimble Satsuke
65332	Paublock Nightwhisper	374	paladin	7	14	Turalyon Ironvale
65333	Thadnemara Nightwhisper	375	druid	6	20	Kinelory Flintbeard
65334	Pegui Nightwhisper	376	knight	8	7	Belgrom Nightbane
65335	Nevintsild Nightwhisper	377	paladin	7	8	Kaelis Duke
65336	Tonguarik Nightwhisper	378	paladin	7	16	Jace Doombrand
65337	Sveromesse Nightwhisper	379	paladin	7	13	Anathek Berrybuck
65338	Ghta Nightwhisper	380	paladin	7	17	Karsius Alerius
65339	Seromady Nightwhisper	381	druid	6	22	Akainu Arathyn
65340	Chran Nightwhisper	382	druid	6	11	Indauma Wolfshield
65341	Gnomedorbo Nightwhisper	383	paladin	7	8	Dalfors Felkeeper
65342	Wilisolani Nightwhisper	384	knight	8	17	Lyrathos Coldtalon
65343	Foozorf Nightwhisper	385	paladin	7	20	Irulon Frostrender
65344	Drodromes Nightwhisper	386	paladin	7	7	Liadrin Duskmane
65345	Elance Nightwhisper	387	paladin	7	11	Winterhoof Solheart
65346	Cern Nightwhisper	388	druid	6	17	Maldryn Highspire
65347	Jorth Nightwhisper	389	druid	6	5	Dular Christophers
65348	Carinus Nightwhisper	390	knight	8	6	Asaani Souleater
65349	Gell Nightwhisper	391	sorcerer	5	14	Caerania Ironfrost
65350	Mema Nightwhisper	392	knight	8	7	Aesa Jaggedscar
65351	Valkephenc Nightwhisper	393	paladin	7	8	Jonah3 Garza
65352	Gnom Nightwhisper	394	sorcerer	5	20	Brannon Skywarden
65353	Bervion Nightwhisper	395	knight	8	9	Walsh Hoperender
65354	Nizzley Nightwhisper	396	knight	8	16	Belestra Sunrider
65355	Jaeggy Nightwhisper	397	paladin	7	20	Kargal Kunis
65356	Lukeniess Nightwhisper	398	knight	8	6	Bankard Barleybrew
65357	Borks Nightwhisper	399	sorcerer	5	9	Anund Deathcaller
65358	Aldric Flamecrest	400	paladin	7	17	Anaka Duskforge
65359	Lyra Flamecrest	401	sorcerer	5	15	Wolfgrimm Goldborn
65360	Theron Flamecrest	402	paladin	7	11	Lessia Charskull
65361	Isolde Flamecrest	403	knight	8	15	Beryl Stonecleave
65362	Magnus Flamecrest	404	paladin	7	13	Dingle Cutterbutter
65363	Freya Flamecrest	405	paladin	7	16	Haylen Fordring
65364	Ragnar Flamecrest	406	knight	8	5	Taneel Adenedal
65365	Astrid Flamecrest	407	sorcerer	5	9	Lunaraa Aluriel
65366	Cedric Flamecrest	408	druid	6	7	Fu Keihl
65367	Elara Flamecrest	409	paladin	7	11	Aldrae Harlow
65368	Finn Flamecrest	410	knight	8	11	Justine Rao
65369	Gwen Flamecrest	411	sorcerer	5	15	Tau Morningchill
65370	Henrik Flamecrest	412	paladin	7	7	Alinya Deathstrike
65371	Isla Flamecrest	413	druid	6	16	Syverandin Dusksong
65372	Jorik Flamecrest	414	sorcerer	5	7	Theocritus Darksnare
65373	Keira Flamecrest	415	paladin	7	14	Krohm Crimsonseeker
65374	Leander Flamecrest	416	knight	8	9	Boris Ragefist
65375	Mira Flamecrest	417	druid	6	8	Ilaniel Asayza2
65376	Nikolai Flamecrest	418	sorcerer	5	10	Cromperty Grogfist
65377	Ophelia Flamecrest	419	druid	6	5	Bashana Parra
65378	Omiros Flamecrest	420	druid	6	7	Apolos Grasshoof
65379	Borkent Flamecrest	421	paladin	7	9	Cutty Sunwarden
65380	Azir Flamecrest	422	sorcerer	5	10	Alamo2 Ashcroft
65381	Plaros Flamecrest	423	sorcerer	5	7	Libbiara Frostvane
65382	Paublock Flamecrest	424	paladin	7	17	Valus Cindervein
65383	Thadnemara Flamecrest	425	paladin	7	17	Dagren Blackember
65384	Pegui Flamecrest	426	sorcerer	5	16	Aronen Anghel
65385	Nevintsild Flamecrest	427	paladin	7	10	Thorval Starwatcher
65386	Tonguarik Flamecrest	428	knight	8	22	Thorne Grimbane
65387	Sveromesse Flamecrest	429	druid	6	15	Ilspeth Bloodcaller
65388	Ghta Flamecrest	430	paladin	7	16	Latro Nightwraith
65389	Seromady Flamecrest	431	sorcerer	5	8	Balinda Aldamort
65390	Chran Flamecrest	432	knight	8	17	Acteon Sternhammer
65391	Gnomedorbo Flamecrest	433	druid	6	9	Celaryn Thundersong
65392	Wilisolani Flamecrest	434	druid	6	10	Theridran Nightwing
65393	Foozorf Flamecrest	435	knight	8	15	Rhonda Doomwhisper
65394	Drodromes Flamecrest	436	sorcerer	5	6	Coorina Darkcaller
65395	Elance Flamecrest	437	sorcerer	5	6	Becky Darkbough
65396	Cern Flamecrest	438	druid	6	6	Sheldras Calwen
65397	Jorth Flamecrest	439	sorcerer	5	6	Sheynathren Darkhills
65398	Carinus Flamecrest	440	sorcerer	5	8	Domnall Ashthorn
65399	Gell Flamecrest	441	sorcerer	5	11	Feenix Atwater
65400	Mema Flamecrest	442	knight	8	9	Anruin Bloodbringer
65401	Valkephenc Flamecrest	443	paladin	7	20	Ballador Deadaxe
65402	Gnom Flamecrest	444	knight	8	17	Ennas Dimblaze
65403	Bervion Flamecrest	445	knight	8	10	Asira Ravenhammer
65404	Nizzley Flamecrest	446	paladin	7	13	Nasuun Dawncaller
65405	Jaeggy Flamecrest	447	knight	8	5	Jade2 Runethorn
65406	Lukeniess Flamecrest	448	knight	8	6	Sylalleas Snowforge
65407	Borks Flamecrest	449	druid	6	16	Gart Whiteleaf
65408	Aldric Frostborn	450	knight	8	22	Ander Grindspinner
65409	Lyra Frostborn	451	druid	6	14	Arienne Argoly
65410	Theron Frostborn	452	druid	6	22	Ruun Ashford
65411	Isolde Frostborn	453	sorcerer	5	7	Jukke Bloodspire
65412	Magnus Frostborn	454	paladin	7	17	Akaani Bloodletter
65413	Freya Frostborn	455	paladin	7	16	Kralgon Truthbearer
65414	Ragnar Frostborn	456	paladin	7	10	Lionheart Shadowbreaker
65415	Astrid Frostborn	457	druid	6	8	Adday Ragestrike
65416	Cedric Frostborn	458	druid	6	17	Kagon Frostcrest
65417	Elara Frostborn	459	druid	6	6	Bryan Darkeyes
65418	Finn Frostborn	460	sorcerer	5	16	Ilona Suncrest
65419	Gwen Frostborn	461	paladin	7	11	Enoch Bloodlove
65420	Henrik Frostborn	462	knight	8	5	Barbery Duskspire
65421	Isla Frostborn	463	paladin	7	5	Dalronn Aerilyn
65422	Jorik Frostborn	464	knight	8	22	Kyra Banefire
65423	Keira Frostborn	465	sorcerer	5	20	Horace Harken
65424	Leander Frostborn	466	sorcerer	5	14	Niall Ashton2
65425	Mira Frostborn	467	sorcerer	5	16	Illnea Ravensinger
65426	Nikolai Frostborn	468	paladin	7	9	Boros Grumblebelly
65427	Ophelia Frostborn	469	sorcerer	5	5	Cannary Cannon
65428	Omiros Frostborn	470	knight	8	9	Varian Anship
65429	Borkent Frostborn	471	paladin	7	20	Ban Ironhand
65430	Azir Frostborn	472	knight	8	14	Ardaan Munck
65431	Plaros Frostborn	473	druid	6	14	Lithiel Darkstrike
65432	Paublock Frostborn	474	knight	8	17	Lyria Snowglen
65433	Thadnemara Frostborn	475	druid	6	22	Amakkar Shadowvale
65434	Pegui Frostborn	476	druid	6	17	Hestiah Fangborne
65435	Nevintsild Frostborn	477	knight	8	8	Alia Emberstorm
65436	Tonguarik Frostborn	478	sorcerer	5	20	Phin Ragehorn
65437	Sveromesse Frostborn	479	sorcerer	5	8	Hegrid Ashenblade
65438	Ghta Frostborn	480	knight	8	14	Samuel Gibb
65439	Seromady Frostborn	481	druid	6	22	Fizzle Lunalight
65440	Chran Frostborn	482	druid	6	10	Qiana Bloodshield
65441	Gnomedorbo Frostborn	483	sorcerer	5	8	Myrtle Blazewraith
65442	Wilisolani Frostborn	484	sorcerer	5	13	Ultan Darksummit
65443	Foozorf Frostborn	485	sorcerer	5	10	Gaiman Foxfire
65444	Drodromes Frostborn	486	paladin	7	17	Muiredon Ashwhisper
65445	Elance Frostborn	487	sorcerer	5	20	Scrapsy Sunreaver
65446	Cern Frostborn	488	knight	8	5	Malosh Mooncaller
65447	Jorth Frostborn	489	sorcerer	5	8	Malister Grimtail
65448	Carinus Frostborn	490	paladin	7	11	Pyreanor Belmont
65449	Gell Frostborn	491	knight	8	10	Vyvin Mackay
65450	Mema Frostborn	492	druid	6	13	Getorix Nightfeather
65451	Valkephenc Frostborn	493	sorcerer	5	9	Weldon Deathspark
65452	Gnom Frostborn	494	sorcerer	5	10	Modera Cloudpierce
65453	Bervion Frostborn	495	druid	6	22	Toshe Sunguard
65454	Nizzley Frostborn	496	sorcerer	5	15	Aeda Doomwatcher
65455	Jaeggy Frostborn	497	knight	8	9	Behomat Nightweaver
65456	Lukeniess Frostborn	498	druid	6	20	Alendar Brightflame
65457	Borks Frostborn	500	sorcerer	5	5	Kirsta Stormkettle
65458	Aldric Stoneguard	500	sorcerer	5	20	Orinthal Darkwhisper
65459	Lyra Stoneguard	501	knight	8	13	Enfea Smitehammer
65460	Theron Stoneguard	502	paladin	7	17	Lyrlia Crowley
65461	Isolde Stoneguard	503	knight	8	5	Arstad Wildweaver
65462	Magnus Stoneguard	504	knight	8	8	Micah Grimblade
65463	Freya Stoneguard	505	sorcerer	5	8	Mirveda Dumas
65464	Ragnar Stoneguard	506	knight	8	20	Saulric Darkmender
65465	Astrid Stoneguard	507	knight	8	17	Hsu Darkspring
65466	Cedric Stoneguard	508	sorcerer	5	17	Sylvie Flamesong
65467	Elara Stoneguard	509	paladin	7	20	Lorraine Barstow
65468	Finn Stoneguard	510	druid	6	17	Vassandra Baker
65469	Gwen Stoneguard	511	sorcerer	5	13	Evanson Bitterstar
65470	Henrik Stoneguard	512	paladin	7	7	Phillip Celeste
65471	Isla Stoneguard	513	paladin	7	9	Daran Soulthorn
65472	Jorik Stoneguard	514	paladin	7	20	Nemas Brightsong
65473	Keira Stoneguard	515	knight	8	9	Bigspark Direvith
65474	Leander Stoneguard	516	knight	8	8	Borivar Corbin
65475	Mira Stoneguard	517	paladin	7	10	Berger Belford
65476	Nikolai Stoneguard	518	knight	8	15	Emelia Bladesorrow
65477	Ophelia Stoneguard	519	knight	8	16	Cao Auzin
65478	Omiros Stoneguard	520	druid	6	15	Caalen Shadowsong2
65479	Borkent Stoneguard	521	druid	6	6	Bhenn Ashunae
65480	Azir Stoneguard	522	paladin	7	17	Uther Calhoun
65481	Plaros Stoneguard	523	sorcerer	5	16	Sedridor Proudmoore
65482	Paublock Stoneguard	524	druid	6	15	Auston Dreambough
65483	Thadnemara Stoneguard	525	druid	6	13	Shinda Anzim
65484	Pegui Stoneguard	526	paladin	7	16	Dawyn Darkblaze
65485	Nevintsild Stoneguard	527	sorcerer	5	8	Sinterklaas Shatterborne
65486	Tonguarik Stoneguard	528	knight	8	20	Fardel Bronzeblade
65487	Sveromesse Stoneguard	529	knight	8	9	Mushu Bladesong
65488	Ghta Stoneguard	530	druid	6	16	Aiko Duskfang
65489	Seromady Stoneguard	531	paladin	7	17	Katriane Healer
65490	Chran Stoneguard	532	druid	6	9	Bailey Cannonvale
65491	Gnomedorbo Stoneguard	533	druid	6	11	Verroak Frostbraid
65492	Wilisolani Stoneguard	534	sorcerer	5	6	Jennea Dragomir
65493	Foozorf Stoneguard	535	sorcerer	5	13	Ulrac Steeltusk
65494	Drodromes Stoneguard	536	sorcerer	5	10	Numa Datura
65495	Elance Stoneguard	537	sorcerer	5	10	Candice Cobrahn
65496	Cern Stoneguard	538	knight	8	8	Imhadria Flameheart
65497	Jorth Stoneguard	539	knight	8	22	Erelas Valorfist
65498	Carinus Stoneguard	540	knight	8	20	Nadia Crashcrank
65499	Gell Stoneguard	541	druid	6	10	Anenga Hackspring
65500	Mema Stoneguard	542	druid	6	11	Kihra Arrington
65501	Valkephenc Stoneguard	543	knight	8	17	Ashoon Ambercrest
65502	Gnom Stoneguard	544	druid	6	15	Dekland Bloodwhisper
65503	Bervion Stoneguard	545	paladin	7	15	Aurelon Ironflame
65504	Nizzley Stoneguard	546	paladin	7	10	Ragnok Steelshield
65505	Jaeggy Stoneguard	547	druid	6	7	Maxine Blazerider
65506	Lukeniess Stoneguard	548	druid	6	15	Mardant Fernwhisper
65507	Borks Stoneguard	549	knight	8	15	Kuona Bloodhorn
65508	Aldric Torin	550	sorcerer	5	6	Harnan Daggerhand
65509	Lyra Torin	551	knight	8	17	Brula Darkwalker
65510	Theron Torin	552	knight	8	10	Charleston Bladesinger
65511	Isolde Torin	553	sorcerer	5	7	Vandril Arlison
65512	Magnus Torin	554	paladin	7	7	Malak Chillborne
65513	Freya Torin	555	sorcerer	5	5	Qwilla Blazefrost
65514	Ragnar Torin	556	knight	8	5	Jerhyn Wolftalon
65515	Astrid Torin	557	druid	6	5	Arkus Dawnwalker
65516	Cedric Torin	558	druid	6	14	Marka Stormstout
65517	Elara Torin	559	knight	8	10	Akkal Bleakstare
65518	Finn Torin	560	knight	8	16	Roland Saurfang
65519	Gwen Torin	561	paladin	7	8	Maxwell Thornflame
65520	Henrik Torin	562	sorcerer	5	16	Isabella Burnfizzle
65521	Isla Torin	563	knight	8	11	Eitrigg Flintlocke
65522	Jorik Torin	564	knight	8	7	Borlis Ravenclaw
65523	Keira Torin	565	druid	6	13	Corrine Runetotem
65524	Leander Torin	566	knight	8	10	Kor Bladedancer
65525	Mira Torin	567	sorcerer	5	14	Noel Direflame
65526	Nikolai Torin	568	sorcerer	5	22	Lorme Starkblast
65527	Ophelia Torin	569	sorcerer	5	15	Thag Blooddawn
65528	Omiros Torin	570	druid	6	13	Kitara Auralyn
65529	Borkent Torin	571	knight	8	6	Anya Flameseeker
65530	Azir Torin	572	druid	6	14	Guviena Starsong
65531	Plaros Torin	573	druid	6	16	Cato Boch
65532	Paublock Torin	574	sorcerer	5	16	Valina Doomkeeper
65533	Thadnemara Torin	575	paladin	7	10	Duncan Brightheart
65534	Pegui Torin	576	sorcerer	5	5	Talah Crowsfeather
65535	Nevintsild Torin	577	druid	6	22	Yano Hollander
65536	Tonguarik Torin	578	paladin	7	6	Sahi Lightwarden
65537	Sveromesse Torin	579	paladin	7	5	Meganna Stoneshaper
65538	Ghta Torin	580	sorcerer	5	8	Lucienne Galaxyfist
65539	Seromady Torin	581	sorcerer	5	16	Husshun Aldessia
65540	Chran Torin	582	druid	6	15	Kerlonian Thornweave
65541	Gnomedorbo Torin	583	paladin	7	8	Odessa Dawnbringer
65542	Wilisolani Torin	584	paladin	7	13	Blair2 Cloudseer
65543	Foozorf Torin	585	sorcerer	5	8	Isidor D'Nara
65544	Drodromes Torin	586	sorcerer	5	13	Arrexis Table
65545	Elance Torin	587	druid	6	20	Rin Bobble
65546	Cern Torin	588	paladin	7	20	Urda Duskborn
65547	Jorth Torin	589	paladin	7	6	Karosh Bauden
65548	Carinus Torin	590	sorcerer	5	14	Tervosh Foulborne
65549	Gell Torin	591	knight	8	7	Azun Young
65550	Mema Torin	592	knight	8	6	Meshif Shen
65551	Valkephenc Torin	593	druid	6	5	Ardon Earthshatter
65552	Gnom Torin	594	knight	8	16	Favra Bloomwatcher
65553	Bervion Torin	595	sorcerer	5	7	Juli Breakfist
65554	Nizzley Torin	596	sorcerer	5	10	Krowl Mercurus
65555	Jaeggy Torin	597	druid	6	13	Stella3 Moonshadow
65556	Lukeniess Torin	598	knight	8	17	Buniq Clarkie
65557	Borks Torin	599	knight	8	14	Aleez Varze
65558	Aldric Abunce	600	sorcerer	5	20	Kanatin Darkfire
65559	Lyra Abunce	601	paladin	7	7	Natalya Belle2
65560	Theron Abunce	602	sorcerer	5	16	Almai Terrorblade
65561	Isolde Abunce	603	druid	6	11	Vulric Everbane
65562	Magnus Abunce	604	druid	6	9	Turak Evershade
65563	Freya Abunce	605	paladin	7	7	Entari Stoutmantle
65564	Ragnar Abunce	606	sorcerer	5	14	Vitus Ironfist3
65565	Astrid Abunce	607	druid	6	20	Keritose Runespire
65566	Cedric Abunce	608	paladin	7	11	Halahk Silverfury
65567	Elara Abunce	609	druid	6	8	Kirandros Sunwhisper
65568	Finn Abunce	610	druid	6	8	Daspien Barkhoof
65569	Gwen Abunce	611	druid	6	17	Lorena Thornstorm
65570	Henrik Abunce	612	knight	8	15	Magni Tosslespanner
65571	Isla Abunce	613	paladin	7	11	Merko Brubaker
65572	Jorik Abunce	614	druid	6	11	Gin Darkgrove
65573	Keira Abunce	615	druid	6	8	Balor Cruelbeard
65574	Leander Abunce	616	druid	6	7	Donald2 Wolfsbane
65575	Mira Abunce	617	sorcerer	5	16	Ralia Timewalker
65576	Nikolai Abunce	618	sorcerer	5	7	Andromath Cranston
65577	Ophelia Abunce	619	paladin	7	13	Azar Coles
65578	Omiros Abunce	620	paladin	7	11	Ridgers Trueflame
65579	Borkent Abunce	621	paladin	7	6	Saern Thornvale
65580	Azir Abunce	622	knight	8	7	Lin Brewbelly
65581	Plaros Abunce	623	sorcerer	5	15	Anna2 Addington
65582	Paublock Abunce	624	druid	6	14	Benedikt Crookmaw
65583	Thadnemara Abunce	625	druid	6	6	Pikkenmix Swiftroot
65584	Pegui Abunce	626	knight	8	9	Nekros Thornrunner
65585	Nevintsild Abunce	627	paladin	7	5	Nikolai Goldbraids
65586	Tonguarik Abunce	628	knight	8	7	Geglash Dreadspire
65587	Sveromesse Abunce	629	druid	6	11	Cerwyn Bloodrazor
65588	Ghta Abunce	630	sorcerer	5	7	Larimaine Ashkeeper
65589	Seromady Abunce	631	sorcerer	5	20	Memri Aurosalia
65590	Chran Abunce	632	sorcerer	5	5	Erondra Cloudsister
65591	Gnomedorbo Abunce	633	sorcerer	5	6	Roktar Daniels2
65592	Wilisolani Abunce	634	druid	6	16	Shalannius Staghelm
65593	Foozorf Abunce	635	sorcerer	5	9	Verzuk Blacksoul
65594	Drodromes Abunce	636	druid	6	20	Aldor Riley
65595	Elance Abunce	637	druid	6	5	Gabriel Moonheart
65596	Cern Abunce	638	paladin	7	20	Valgar Albright2
65597	Jorth Abunce	639	druid	6	13	Setaal Blightsteel
65598	Carinus Abunce	640	knight	8	10	Drog Dewland
65599	Gell Abunce	641	paladin	7	11	Asheara Cerlyn
65600	Mema Abunce	642	knight	8	8	Bixy Baratea
65601	Valkephenc Abunce	643	knight	8	22	Vestia Vendet
65602	Gnom Abunce	644	sorcerer	5	15	Orono Frostfang
65603	Bervion Abunce	645	druid	6	22	Cadi Bramblestaff
65604	Nizzley Abunce	646	sorcerer	5	6	Elriss Abadir
65605	Jaeggy Abunce	647	druid	6	15	Garvan Caldoran
65606	Lukeniess Abunce	648	sorcerer	5	5	Quithas Fibblepop
65607	Borks Abunce	649	knight	8	6	Bryndla Bloodstone
65608	Aldric Gabder	650	paladin	7	14	Cellik Blackgorge
65609	Lyra Gabder	651	sorcerer	5	5	Caius Goldcaller
65610	Theron Gabder	652	knight	8	7	Gerald Grell
65611	Isolde Gabder	653	druid	6	7	Kaqemeex Lection
65612	Magnus Gabder	654	paladin	7	13	Lothraxion Emberlight
65613	Freya Gabder	655	paladin	7	8	Teina Soulsong
65614	Ragnar Gabder	656	knight	8	5	Arvon Boomslang
65615	Astrid Gabder	657	sorcerer	5	10	Rommath Darkcrest
65616	Cedric Gabder	658	paladin	7	22	Buzan Noreliqe
65617	Elara Gabder	659	knight	8	17	Taylor Garrick
65618	Finn Gabder	660	paladin	7	7	Khan Wildbreaker
65619	Gwen Gabder	661	sorcerer	5	6	Singe Mortaim
65620	Henrik Gabder	662	paladin	7	8	Baatun Blackskull
65621	Isla Gabder	663	druid	6	13	Muran Boomfist
65622	Jorik Gabder	664	paladin	7	7	Oso Seeker
65623	Keira Gabder	665	sorcerer	5	20	Enyo Cloudsbreak
65624	Leander Gabder	666	sorcerer	5	16	Tarl Welch
65625	Mira Gabder	667	sorcerer	5	8	Jorah Guskovsky
65626	Nikolai Gabder	668	paladin	7	15	Vedaar Sunhand
65627	Ophelia Gabder	669	paladin	7	13	Hieronymus Galebane
65628	Omiros Gabder	670	paladin	7	8	Aurrius Blightcaller
65629	Borkent Gabder	671	knight	8	10	Jack2 Wildhammer
65630	Azir Gabder	672	sorcerer	5	10	Hellam Bloodfyre
65631	Plaros Gabder	673	druid	6	7	Chel Wildsong
65632	Paublock Gabder	674	sorcerer	5	16	Danaeris Arcanus
65633	Thadnemara Gabder	675	paladin	7	20	Cyssa Bright
65634	Pegui Gabder	676	sorcerer	5	13	Peggy Floren
65635	Nevintsild Gabder	677	knight	8	13	Nathaniel Brugal
65636	Tonguarik Gabder	678	druid	6	22	Alesso Ironspire
65637	Sveromesse Gabder	679	paladin	7	9	Kimble Lightbeard
65638	Ghta Gabder	680	knight	8	8	Llane Halfmane
65639	Seromady Gabder	681	druid	6	8	Broxast Bloodwalker
65640	Chran Gabder	682	druid	6	6	Hight Fallowbrook
65641	Gnomedorbo Gabder	683	knight	8	15	Callie Cloyce
65642	Wilisolani Gabder	684	druid	6	5	Daven Osiris
65643	Foozorf Gabder	685	sorcerer	5	7	Jalarast Fireweaver
65644	Drodromes Gabder	686	paladin	7	10	Vranesh Quetalis
65645	Elance Gabder	687	paladin	7	8	Zorus Highbeacon
65646	Cern Gabder	688	druid	6	8	Celestine Grimtouch
65647	Jorth Gabder	689	sorcerer	5	6	Distentor Brightspear
65648	Carinus Gabder	690	knight	8	6	Bier Salgado
65649	Gell Gabder	691	druid	6	16	Mathrengyl Saberclaw
65650	Mema Gabder	692	knight	8	10	Zandar Blackwrench
65651	Valkephenc Gabder	693	druid	6	9	Arvell Angerhoof
65652	Gnom Gabder	694	druid	6	7	Aemya Stormrage
65653	Bervion Gabder	695	knight	8	7	Griggs Grimmane
65654	Nizzley Gabder	696	knight	8	22	Rebral Felrender
65655	Jaeggy Gabder	697	knight	8	13	Jarod Runevale
65656	Lukeniess Gabder	698	knight	8	17	Amik Miststrike
65657	Borks Gabder	700	sorcerer	5	20	Korvak Anacondra
65658	Aldric Lissanellia	700	druid	6	17	Alexander Skyhoof
65659	Lyra Lissanellia	701	paladin	7	15	Beldruk Tyrosus
65660	Theron Lissanellia	702	knight	8	10	Hudson2 Windspire
65661	Isolde Lissanellia	703	sorcerer	5	11	Benedron Shackleton
65662	Magnus Lissanellia	704	knight	8	10	Moira Darkglen
65663	Freya Lissanellia	705	druid	6	14	Nuria Brightcaller
65664	Ragnar Lissanellia	706	druid	6	9	Hamuul Broadshot
65665	Astrid Lissanellia	707	paladin	7	7	Dayna Doomhorn
65666	Cedric Lissanellia	708	knight	8	9	Ren2 Lothar
65667	Elara Lissanellia	709	paladin	7	17	Cathela Skyfeather
65668	Finn Lissanellia	710	paladin	7	13	Alkarnat Warwhisper
65669	Gwen Lissanellia	711	druid	6	7	Kazak Argaleus
65670	Henrik Lissanellia	712	druid	6	9	Alana Blightblood
65671	Isla Lissanellia	713	druid	6	9	Gennia Darkhand
65672	Jorik Lissanellia	714	paladin	7	20	Altauur Duskfall
65673	Keira Lissanellia	715	druid	6	7	Jandice Deathwood
65674	Leander Lissanellia	716	knight	8	8	Ethidris Nightsinger
65675	Mira Lissanellia	717	sorcerer	5	10	Nihlathak Wolffang
65676	Nikolai Lissanellia	718	paladin	7	8	Maxan Duskcaller
65677	Ophelia Lissanellia	719	knight	8	16	Zanmaron Beshere
65678	Omiros Lissanellia	720	knight	8	9	Doran Dreadhand
65679	Borkent Lissanellia	721	paladin	7	6	Alkor Faithkeeper
65680	Azir Lissanellia	722	sorcerer	5	16	Ataeric Frostmoon
65681	Plaros Lissanellia	723	knight	8	17	Varok Icebellow
65682	Paublock Lissanellia	724	sorcerer	5	5	Belika Auryna
65683	Thadnemara Lissanellia	725	sorcerer	5	11	Lorna Frostfinger
65684	Pegui Lissanellia	726	druid	6	6	Genah Ravenmane
65685	Nevintsild Lissanellia	727	paladin	7	5	Kaalan Alvarado
65686	Tonguarik Lissanellia	728	sorcerer	5	6	Calesthris Andrenius
65687	Sveromesse Lissanellia	729	paladin	7	17	Sage Blightspewer
65688	Ghta Lissanellia	730	knight	8	14	Daelin Darkgrip
65689	Seromady Lissanellia	731	paladin	7	11	Syfers Stormwell
65690	Chran Lissanellia	732	knight	8	9	Burke Raindrinker
65691	Gnomedorbo Lissanellia	733	sorcerer	5	8	Lorrin Sunshard
65692	Wilisolani Lissanellia	734	knight	8	9	Kiruud Darkclaw
65693	Foozorf Lissanellia	735	paladin	7	22	Yrel Karim
65694	Drodromes Lissanellia	736	sorcerer	5	10	Gato Sparkfizzle
65695	Elance Lissanellia	737	sorcerer	5	15	Aelthalyste Wefhellt
65696	Cern Lissanellia	738	druid	6	5	Bethany Chastain
65697	Jorth Lissanellia	739	knight	8	17	Falcon Azuresong
65698	Carinus Lissanellia	740	sorcerer	5	9	Arena Calder
65699	Gell Lissanellia	741	sorcerer	5	10	Antonidas Boomsticks
65700	Mema Lissanellia	742	sorcerer	5	14	Gunther Caldwell
65701	Valkephenc Lissanellia	743	knight	8	8	Orgrim Iceclaw
65702	Gnom Lissanellia	744	knight	8	22	Nathressa Cliffwalker
65703	Bervion Lissanellia	745	knight	8	22	Halsteth Greybane
65704	Nizzley Lissanellia	746	knight	8	6	Rufus2 Ragewatcher
65705	Jaeggy Lissanellia	747	druid	6	15	Ruul Moonrise
65706	Lukeniess Lissanellia	748	sorcerer	5	8	Nittlebur Earthbreaker
65707	Borks Lissanellia	749	druid	6	6	Caedmos Antari
65708	Aldric Terabeguarks	750	druid	6	20	Ponshu Goldsong
65709	Lyra Terabeguarks	751	paladin	7	11	Duthorian Stormspeaker
65710	Theron Terabeguarks	752	knight	8	15	Kaasa Darkcloak
65711	Isolde Terabeguarks	753	paladin	7	6	Alashon Deathweaver
65712	Magnus Terabeguarks	754	sorcerer	5	22	Bati Dawnsong
65713	Freya Terabeguarks	755	paladin	7	17	Tiza Bellamy
65714	Ragnar Terabeguarks	756	paladin	7	5	Aponi Plossen
65715	Astrid Terabeguarks	757	paladin	7	14	Chinley Doombreaker
65716	Cedric Terabeguarks	758	druid	6	11	Sivandra Galeheart
65717	Elara Terabeguarks	759	paladin	7	20	Tarenar Frosttusk
65718	Finn Terabeguarks	760	paladin	7	13	Sangrias Davor
65719	Gwen Terabeguarks	761	druid	6	17	Kolgaran Sunwalker
65720	Henrik Terabeguarks	762	paladin	7	9	Crenell Doombrow
65721	Isla Terabeguarks	763	sorcerer	5	11	Bink Brightshield
65722	Jorik Terabeguarks	764	druid	6	22	Aldana Cloudsong
65723	Keira Terabeguarks	765	paladin	7	11	Gavinrad Barst
65724	Leander Terabeguarks	766	druid	6	10	Gaius Crow
65725	Mira Terabeguarks	767	druid	6	7	Althandor Duskbriar
65726	Nikolai Terabeguarks	768	knight	8	22	Corselle Bearsong
65727	Ophelia Terabeguarks	769	paladin	7	22	Tirion Blackanvil
65728	Omiros Terabeguarks	770	paladin	7	16	Magroth Silverhorn
65729	Borkent Terabeguarks	771	sorcerer	5	11	Sioncorn Ironshadow
65730	Azir Terabeguarks	772	sorcerer	5	7	Aveua Hartwell
65731	Plaros Terabeguarks	773	paladin	7	11	Jaffrey Auri2
65732	Paublock Terabeguarks	774	paladin	7	5	Jorn Doomfang
65733	Thadnemara Terabeguarks	775	druid	6	15	Malfurion Greyfist
65734	Pegui Terabeguarks	776	paladin	7	5	Adyen Rall
65735	Nevintsild Terabeguarks	777	sorcerer	5	10	Fordred Brightcastle
65736	Tonguarik Terabeguarks	778	knight	8	8	Lukain Vargas
65737	Sveromesse Terabeguarks	779	knight	8	14	Illidari Bloodpelt
65738	Ghta Terabeguarks	780	knight	8	11	Trebor Ghostpaw
65739	Seromady Terabeguarks	781	druid	6	5	Allabas Ashstorm
65740	Chran Terabeguarks	782	knight	8	22	Ginnwin Darksteel
65741	Gnomedorbo Terabeguarks	783	knight	8	17	Wolten Ravenshadow
65742	Wilisolani Terabeguarks	784	knight	8	13	Renitee Khorman
65743	Foozorf Terabeguarks	785	druid	6	9	Rief VanDaele
65744	Drodromes Terabeguarks	786	sorcerer	5	10	Charg Bruxmoor
65745	Elance Terabeguarks	787	paladin	7	8	Gwynlan Crimsonflame
65746	Cern Terabeguarks	788	druid	6	20	Augustus Alvingham
65747	Jorth Terabeguarks	789	paladin	7	10	Marius Moonfang
65748	Carinus Terabeguarks	790	sorcerer	5	5	Korgaz Nightclaw
65749	Gell Terabeguarks	791	sorcerer	5	8	Elissa Alphamage
65750	Mema Terabeguarks	792	druid	6	15	Liew Blackwald
65751	Valkephenc Terabeguarks	793	knight	8	16	Ghrave Ravenwood
65752	Gnom Terabeguarks	794	paladin	7	17	Idaar Deathgore
65753	Bervion Terabeguarks	795	knight	8	17	Jeanine Hellscream
65754	Nizzley Terabeguarks	796	sorcerer	5	5	Aethas Dawnweaver
65755	Jaeggy Terabeguarks	797	knight	8	11	Hratli Deyling
65756	Lukeniess Terabeguarks	798	paladin	7	6	Ranthus Alturus
65757	Borks Terabeguarks	799	sorcerer	5	11	Asar Moontusk
65758	Aldric Gical	800	knight	8	22	Miiraxa Axeblow
65759	Lyra Gical	801	knight	8	17	Molus Hicks
65760	Theron Gical	802	sorcerer	5	14	Pierce Brode
65761	Isolde Gical	803	druid	6	13	Alune Shadewalker
65762	Magnus Gical	804	paladin	7	20	Morlune Fuller
65763	Freya Gical	805	sorcerer	5	9	Birgitte Emberflame
65764	Ragnar Gical	806	sorcerer	5	11	Ian Goldhoof
65765	Astrid Gical	807	knight	8	20	Colarra Corpseseeker
65766	Cedric Gical	808	paladin	7	14	Donavan Sunstriker
65767	Elara Gical	809	sorcerer	5	11	Colm Skyseeker
65768	Finn Gical	810	druid	6	6	Ellie Stormclaw
65769	Gwen Gical	811	sorcerer	5	11	Hulfdan Bloodsworn
65770	Henrik Gical	812	sorcerer	5	6	Khelden Snowhorn
65771	Isla Gical	813	druid	6	9	Alejandro Swiftpaw
65772	Jorik Gical	814	druid	6	14	Arantir Hornsby
65773	Keira Gical	815	druid	6	16	Aarko Brawnhoof
65774	Leander Gical	816	knight	8	9	Bragor Arugal
65775	Mira Gical	817	paladin	7	6	Kaan Bloodoath
65776	Nikolai Gical	818	paladin	7	10	Saronen Bluntbrew
65777	Ophelia Gical	819	knight	8	9	Tarn Bloodshadow
65778	Omiros Gical	820	knight	8	11	Bizzazz Cloudsinger
65779	Borkent Gical	821	druid	6	13	Ramall Lis
65780	Azir Gical	822	paladin	7	5	Ahad Blackshield
65781	Plaros Gical	823	paladin	7	16	Kelerun Soulrunner
65782	Paublock Gical	824	knight	8	20	Tobias Moonseeker
65783	Thadnemara Gical	825	sorcerer	5	10	Dawn Flamerunner
65784	Pegui Gical	826	sorcerer	5	10	Deneezo Hellbourne
65785	Nevintsild Gical	827	knight	8	13	Dakdak Baatul
65786	Tonguarik Gical	828	paladin	7	15	Camila Avalanche
65787	Sveromesse Gical	829	druid	6	14	Jatix Oaktalon
65788	Ghta Gical	830	sorcerer	5	14	Jang Dreamstrider
65789	Seromady Gical	831	sorcerer	5	15	Finix Frostdrift
65790	Chran Gical	832	knight	8	17	Brond Nightrunner
65791	Gnomedorbo Gical	833	paladin	7	20	Atohmo Romanov
65792	Wilisolani Gical	834	knight	8	9	Bilban Ravenstrike
65793	Foozorf Gical	835	knight	8	13	Fellig Black
65794	Drodromes Gical	836	druid	6	11	Mukkral Allistarj
65795	Elance Gical	837	knight	8	15	Maffy Thornfrost
65796	Cern Gical	838	sorcerer	5	17	Akiko Deathsinger
65797	Jorth Gical	839	paladin	7	6	Gie Dawnhammer
65798	Carinus Gical	840	druid	6	7	Aelnara Crimsonblade
65799	Gell Gical	841	paladin	7	6	Gregor Emberhorn
65800	Mema Gical	842	knight	8	22	Baine Bladewhisper
65801	Valkephenc Gical	843	knight	8	20	Ambrose Darkstar2
65802	Gnom Gical	844	druid	6	6	Aeonas Thornsinger
65803	Bervion Gical	845	sorcerer	5	9	Awarri Cowle
65804	Nizzley Gical	846	knight	8	8	Araelun Baneshadow
65805	Jaeggy Gical	847	sorcerer	5	17	Janeda Wildhand
65806	Lukeniess Gical	848	druid	6	20	Shalla Coldgrip
65807	Borks Gical	849	druid	6	6	Burlingham Celadine
65808	Aldric Loter	850	paladin	7	16	Justinius Sunfall
65809	Lyra Loter	851	sorcerer	5	10	Milee Abel2
65810	Theron Loter	852	sorcerer	5	16	Magis Deathward
65811	Isolde Loter	853	paladin	7	22	Grayson Stronghammer
65812	Magnus Loter	854	druid	6	17	Permelia Darktrace
65813	Freya Loter	855	knight	8	6	Yvette Dabyrie
65814	Ragnar Loter	856	sorcerer	5	22	Tillara Brightwing
65815	Astrid Loter	857	sorcerer	5	16	Maginor Greythorn
65816	Cedric Loter	858	sorcerer	5	6	Vella Stonehearth
65817	Elara Loter	859	knight	8	13	Custer Bloodeye
65818	Finn Loter	860	paladin	7	17	Leoric Windbrand
65819	Gwen Loter	861	druid	6	9	Koro Snowhoof
65820	Henrik Loter	862	paladin	7	16	Arthur Frosthollow
65821	Isla Loter	863	knight	8	6	Danath Blackvein
65822	Jorik Loter	864	knight	8	14	Xiang Baihu
65823	Keira Loter	865	knight	8	22	Silea Claybourne
65824	Leander Loter	866	sorcerer	5	8	Khadgar Anderholt
65825	Mira Loter	867	druid	6	16	Randee Silverwhisper
65826	Nikolai Loter	868	sorcerer	5	10	Antikron Chaosrender
65827	Ophelia Loter	869	paladin	7	6	Masha Flamecaller
65828	Omiros Loter	870	druid	6	15	Dailo Amarassan
65829	Borkent Loter	871	paladin	7	14	Orelis Mourningsun
65830	Azir Loter	872	sorcerer	5	22	Taela Darkweaver2
65831	Plaros Loter	873	sorcerer	5	16	Hugarin Bremen
65832	Paublock Loter	874	knight	8	7	Broxigar Emberforge
65833	Thadnemara Loter	875	druid	6	16	Yanna Gentlemoon
65834	Pegui Loter	876	paladin	7	17	Karnwield Bloodspear
65835	Nevintsild Loter	877	sorcerer	5	8	Phadalus Borugh
65836	Tonguarik Loter	878	knight	8	5	Thargas Campbell
65837	Sveromesse Loter	879	druid	6	6	Colmir DeGroot
65838	Ghta Loter	880	paladin	7	20	Terina Hopwash
65839	Seromady Loter	881	paladin	7	6	Aldar Briarblack
65840	Chran Loter	882	sorcerer	5	8	Reynah Wolfclaw
65841	Gnomedorbo Loter	883	paladin	7	11	Barathex Blackridge
65842	Wilisolani Loter	884	druid	6	15	Becanna Bellcamp
65843	Foozorf Loter	885	druid	6	15	Renthal Galefist
65844	Drodromes Loter	886	knight	8	5	Bryna Misttusk
65845	Elance Loter	887	paladin	7	5	Bodrin Krole
65846	Cern Loter	888	knight	8	5	Rivett Shieldshatter
65847	Jorth Loter	889	paladin	7	15	Julia Crokford
65848	Carinus Loter	890	sorcerer	5	20	Min Emberfall
65849	Gell Loter	891	paladin	7	15	Creedy Bloodhowl
65850	Mema Loter	892	paladin	7	22	Korloff Clark2
65851	Valkephenc Loter	893	paladin	7	20	Aelmar Mighty
65852	Gnom Loter	894	sorcerer	5	14	Ithanas Belian
65853	Bervion Loter	895	sorcerer	5	20	Ahura Asterion
65854	Nizzley Loter	896	druid	6	13	Belonis Windmane
65855	Jaeggy Loter	897	paladin	7	14	Falstaav Battleforge
65856	Lukeniess Loter	898	sorcerer	5	15	Valaatu Doombringer
65857	Borks Loter	900	knight	8	7	Stella2 Germaine
65858	Aldric Torehkeron	900	sorcerer	5	6	Seona Doomwing
65859	Lyra Torehkeron	902	druid	6	10	Hunaka Dajingo
65860	Theron Torehkeron	904	sorcerer	5	15	Airhorn Alters
65861	Isolde Torehkeron	906	sorcerer	5	15	Ed Amberwind
65862	Magnus Torehkeron	908	sorcerer	5	15	Matthew Blackwhisper
65863	Freya Torehkeron	911	paladin	7	20	Baraat Chambers
65864	Ragnar Torehkeron	913	paladin	7	8	Savia Fearless
65865	Astrid Torehkeron	915	sorcerer	5	14	Cain Grimsong
65866	Cedric Torehkeron	917	knight	8	22	Jenthael Bortuk
65867	Elara Torehkeron	920	paladin	7	13	Alcor Zverenhoff
65868	Finn Torehkeron	922	knight	8	16	Hjalmar Candlebeard
65869	Gwen Torehkeron	924	knight	8	15	Tiril Shadowsong
65870	Henrik Torehkeron	926	sorcerer	5	11	Frumscone Calin
65871	Isla Torehkeron	929	paladin	7	13	Reha Ravenstorm
65872	Jorik Torehkeron	931	sorcerer	5	5	Sarilus Darkstream
65873	Keira Torehkeron	933	sorcerer	5	16	Jaina Ashcaller
65874	Leander Torehkeron	935	knight	8	8	Ahonan Ironsafe
65875	Mira Torehkeron	938	sorcerer	5	10	Astalor Angerforge2
65876	Nikolai Torehkeron	940	paladin	7	17	Orik Creststrider
65877	Ophelia Torehkeron	942	druid	6	14	Cinad Cowl
65878	Omiros Torehkeron	944	druid	6	9	Ukos Greycloud
65879	Borkent Torehkeron	947	knight	8	17	Dion Skystrike
65880	Azir Torehkeron	949	druid	6	15	Veras Bladewalker
65881	Plaros Torehkeron	951	druid	6	14	Anjali Brightbane
65882	Paublock Torehkeron	953	paladin	7	5	Terric Dawnrose
65883	Thadnemara Torehkeron	956	sorcerer	5	6	Dink Stirling
65884	Pegui Torehkeron	958	sorcerer	5	13	Edvin Hailstrike
65885	Nevintsild Torehkeron	960	sorcerer	5	16	Bishop Brightstong
65886	Tonguarik Torehkeron	962	druid	6	7	Darkun Adyria
65887	Sveromesse Torehkeron	965	sorcerer	5	13	Gai Emberhoof
65888	Ghta Torehkeron	967	sorcerer	5	9	Nordaerin Sindweller
65889	Seromady Torehkeron	969	druid	6	17	Keltus Ironbrand
65890	Chran Torehkeron	971	sorcerer	5	14	Teegli Bloodmane
65891	Gnomedorbo Torehkeron	974	paladin	7	5	Lonaki Ironclaw
65892	Wilisolani Torehkeron	976	sorcerer	5	6	Amalthazad Starhoof
65893	Foozorf Torehkeron	978	knight	8	20	Kelv Snowstrike
65894	Drodromes Torehkeron	980	sorcerer	5	11	Minh Odelic
65895	Elance Torehkeron	983	druid	6	8	Tallonkai Fairden
65896	Cern Torehkeron	985	knight	8	14	Baelgi Bly'Leggonde
65897	Jorth Torehkeron	987	knight	8	7	Genn Grimseeker
65898	Carinus Torehkeron	989	sorcerer	5	9	Garridel Wybroff
65899	Gell Torehkeron	992	druid	6	7	Fylerian Baloy
65900	Mema Torehkeron	994	druid	6	5	Choluna Waterwaker
65901	Valkephenc Torehkeron	996	sorcerer	5	7	Helion Barafu
65902	Gnom Torehkeron	998	sorcerer	5	11	Hallam Brighttusk
65903	Bervion Torehkeron	1001	druid	6	15	Mala Deethuk
65904	Nizzley Torehkeron	1003	paladin	7	17	Thelsia Brightbeard
65905	Jaeggy Torehkeron	1005	paladin	7	9	Jorad Dawnblade
65906	Lukeniess Torehkeron	1007	knight	8	7	Kashya Flameshield
65907	Borks Torehkeron	1010	druid	6	8	Amalia Brightblaze
65908	Aldric Mantis	1012	paladin	7	15	Kendall Bloodflare
65909	Lyra Mantis	1014	paladin	7	5	Montegue Ragerunner
65910	Theron Mantis	1016	paladin	7	15	Gryan Adurin
65911	Isolde Mantis	1019	paladin	7	13	Finna Adlerheart
65912	Magnus Mantis	1021	paladin	7	13	Palanaar Ashcrombe
65913	Freya Mantis	1023	druid	6	11	Ellington Windchaser
65914	Ragnar Mantis	1025	sorcerer	5	13	Thurston Glimmerfrost
65915	Astrid Mantis	1028	knight	8	7	Apostriss Crimsonfist
65916	Cedric Mantis	1030	knight	8	10	Aylaan Darkwood
65917	Elara Mantis	1032	druid	6	17	Nimisia Hudsen
65918	Finn Mantis	1034	paladin	7	11	Manadar Brightblade
65919	Gwen Mantis	1037	druid	6	10	Kym Rainglow
65920	Henrik Mantis	1039	knight	8	15	Skumm Stormaxe
65921	Isla Mantis	1041	paladin	7	22	Dargad Avelena
65922	Jorik Mantis	1043	druid	6	13	Kileana Wildguard
65923	Keira Mantis	1046	druid	6	14	Lao Deathtalon
65924	Leander Mantis	1048	knight	8	6	Kalla Barabos
65925	Mira Mantis	1050	paladin	7	13	Bahduum Stillblade
65926	Nikolai Mantis	1052	druid	6	13	Akeba Asarina
65927	Ophelia Mantis	1055	paladin	7	22	Katherine Goldwatcher
65928	Omiros Mantis	1057	druid	6	20	Drognan Coldeye
65929	Borkent Mantis	1059	druid	6	14	Ursila Swiftwind
65930	Azir Mantis	1061	sorcerer	5	20	Narinth Bilespreader
65931	Plaros Mantis	1064	knight	8	5	Gatlin Sunspire
65932	Paublock Mantis	1066	paladin	7	10	Gahark Firebinder
65933	Thadnemara Mantis	1068	druid	6	14	Astrylian MacTavish
65934	Pegui Mantis	1070	knight	8	5	Atma Crowe
65935	Nevintsild Mantis	1073	druid	6	15	Jabul Thunderhide
65936	Tonguarik Mantis	1075	sorcerer	5	15	Mina Lawson
65937	Sveromesse Mantis	1077	paladin	7	5	Bintook Windvale
65938	Ghta Mantis	1079	paladin	7	10	Rodolfo Soulbrand
65939	Seromady Mantis	1082	druid	6	15	Wenren Espinoza
65940	Chran Mantis	1084	knight	8	16	Mahala Nahr
65941	Gnomedorbo Mantis	1086	druid	6	13	Akrrilo Autumnmoon
65942	Wilisolani Mantis	1088	sorcerer	5	13	Baqir Icecrag
65943	Foozorf Mantis	1091	paladin	7	6	Bromos Runeseeker
65944	Drodromes Mantis	1093	paladin	7	7	Yonpak Blackhoof
65945	Elance Mantis	1095	knight	8	7	Baelog Stormpike
65946	Cern Mantis	1097	knight	8	7	Andorov Bloodfist
65947	Jorth Mantis	1100	knight	8	15	Aysa Laswell
65948	Carinus Mantis	1100	druid	6	13	Kavina Bloodgrip
65949	Gell Mantis	1102	druid	6	8	Tegid Blackpaw
65950	Mema Mantis	1105	knight	8	17	Akasi Thornsong
65951	Valkephenc Mantis	1107	druid	6	5	Rina Banahogg
65952	Gnom Mantis	1110	druid	6	15	Seline Bloodedge
65953	Bervion Mantis	1112	knight	8	20	Vanndar Wrynn
65954	Nizzley Mantis	1115	druid	6	6	Lyros Moonscrest
65955	Jaeggy Mantis	1117	paladin	7	22	Setara Darksun
65956	Lukeniess Mantis	1120	sorcerer	5	16	Belouran Frostmane
65957	Borks Mantis	1123	paladin	7	7	Saruan Giantstrike
65958	Aldric Elsoutchawnc	1125	knight	8	11	Ayuri Deathrider
65959	Lyra Elsoutchawnc	1128	paladin	7	8	Behsten Sunsoar
65960	Theron Elsoutchawnc	1130	paladin	7	13	Hildr Avenger
65961	Isolde Elsoutchawnc	1133	paladin	7	7	Jesthenis Blackiron
65962	Magnus Elsoutchawnc	1135	sorcerer	5	14	Anaara Moonthorn
65963	Freya Elsoutchawnc	1138	knight	8	22	Austil Fallensong
65964	Ragnar Elsoutchawnc	1141	sorcerer	5	7	Zabraxis Nightflame
65965	Astrid Elsoutchawnc	1143	sorcerer	5	8	Fei Bridenbrad
65966	Cedric Elsoutchawnc	1146	druid	6	20	Rasheed Bleakway
65967	Elara Elsoutchawnc	1148	druid	6	10	Humak Silverheart
65968	Finn Elsoutchawnc	1151	druid	6	7	Meekadox Thornstrike
65969	Gwen Elsoutchawnc	1153	paladin	7	22	Dargath Zain
65970	Henrik Elsoutchawnc	1156	sorcerer	5	5	Vief Cloudmane
65971	Isla Elsoutchawnc	1158	knight	8	15	Nian Aelon
65972	Jorik Elsoutchawnc	1161	paladin	7	10	Gidwin Stonewalker
65973	Keira Elsoutchawnc	1164	sorcerer	5	6	Martik Darkhaven
65974	Leander Elsoutchawnc	1166	knight	8	13	Allari Darkwraith
65975	Mira Elsoutchawnc	1169	paladin	7	14	Sterius Atherton
65976	Nikolai Elsoutchawnc	1171	druid	6	22	Arzaal Amberglare
65977	Ophelia Elsoutchawnc	1174	knight	8	5	Bool Trollbane
65978	Omiros Elsoutchawnc	1176	knight	8	7	Beldis Divide
65979	Borkent Elsoutchawnc	1179	paladin	7	14	Anton Droll
65980	Azir Elsoutchawnc	1182	paladin	7	16	Fosho Goldrider
65981	Plaros Elsoutchawnc	1184	knight	8	5	Bancroft Hawke
65982	Paublock Elsoutchawnc	1187	sorcerer	5	7	Alessia Fogus
65983	Thadnemara Elsoutchawnc	1189	paladin	7	14	Eriah Furybrand
65984	Pegui Elsoutchawnc	1192	druid	6	8	Ingrid Mistrunner
65985	Nevintsild Elsoutchawnc	1194	sorcerer	5	15	Umbric Birchgrove
65986	Tonguarik Elsoutchawnc	1197	druid	6	9	Ruvan Endsky
65987	Sveromesse Elsoutchawnc	1200	sorcerer	5	5	Tessa Greyspire
65988	Ghta Elsoutchawnc	1200	sorcerer	5	14	Ellaron Morey
65989	Seromady Elsoutchawnc	1200	knight	8	10	Penny Cloudfall2
65990	Chran Elsoutchawnc	1200	knight	8	6	Malgin Halfclaw
65991	Gnomedorbo Elsoutchawnc	1200	druid	6	8	Uvlus Skywatcher
65992	Wilisolani Elsoutchawnc	1200	knight	8	16	Jisun Blighthoof
65993	Foozorf Elsoutchawnc	1200	paladin	7	10	Fiona Blackwood
65994	Drodromes Elsoutchawnc	1200	knight	8	22	Marcel Darktalon
65995	Elance Elsoutchawnc	1200	sorcerer	5	13	Semid Stormwing
65996	Cern Elsoutchawnc	1200	paladin	7	16	Mikolaas Almastor
65997	Jorth Elsoutchawnc	1200	sorcerer	5	9	Dya Blackwind
65998	Carinus Elsoutchawnc	1200	druid	6	13	Sanfew Lighthoof
65999	Gell Elsoutchawnc	1200	paladin	7	15	Dethmoora Flamehoof
66000	Mema Elsoutchawnc	1200	sorcerer	5	11	Landazar Nightshard
66001	Valkephenc Elsoutchawnc	1200	sorcerer	5	5	Reina Axeljink
66002	Gnom Elsoutchawnc	1200	sorcerer	5	13	Skip Skycaller
66003	Bervion Elsoutchawnc	1200	knight	8	20	Dawarn Blazen
66004	Nizzley Elsoutchawnc	1200	knight	8	22	Danuser Wildrose
