level,vocation,slot_head,slot_armor,slot_legs,slot_feet,slot_right,slot_left,slot_backpack
1,1,3365,3388,3363,3555,17111,3423,2854
1,2,3365,3388,3363,3555,17111,3423,2854
1,3,3365,3366,3363,3555,3287,3423,2854
1,4,3365,3366,3363,3555,3284,3423,2854
2,1,3365,3388,3363,3555,17111,3423,2854
2,2,3365,3388,3363,3555,17111,3423,2854
2,3,3365,3366,3363,3555,3287,3423,2854
2,4,3365,3366,3363,3555,3284,3423,2854
3,1,3365,3388,3363,3555,17111,3423,2854
3,2,3365,3388,3363,3555,17111,3423,2854
3,3,3365,3366,3363,3555,3287,3423,2854
3,4,3365,3366,3363,3555,3284,3423,2854
4,1,3365,3388,3363,3555,17111,3423,2854
4,2,3365,3388,3363,3555,17111,3423,2854
4,3,3365,3366,3363,3555,3287,3423,2854
4,4,3365,3366,3363,3555,3284,3423,2854
5,1,3365,3388,3363,3555,17111,3423,2854
5,2,3365,3388,3363,3555,17111,3423,2854
5,3,3365,3366,3363,3555,3287,3423,2854
5,4,3365,3366,3363,3555,3284,3423,2854
6,1,3365,3388,3363,3555,3074,3423,2854
6,2,3365,3388,3363,3555,3066,3423,2854
6,3,3365,3366,3363,3555,3287,3423,2854
6,4,3365,3366,3363,3555,3284,3423,2854
7,1,3365,3388,3363,3555,3074,3423,2854
7,2,3365,3388,3363,3555,3066,3423,2854
7,3,3365,3366,3363,3555,3287,3423,2854
7,4,3365,3366,3363,3555,3284,3423,2854
8,1,3365,3388,3363,3555,3074,3423,2854
8,2,3365,3388,3363,3555,3066,3423,2854
8,3,3365,3366,3363,3555,3287,3423,2854
8,4,3365,3366,3363,3555,3284,3423,2854
9,1,3365,3388,3363,3555,3074,3423,2854
9,2,3365,3388,3363,3555,3066,3423,2854
9,3,3365,3366,3363,3555,3287,3423,2854
9,4,3365,3366,3363,3555,3284,3423,2854
10,1,3365,3388,3363,3555,3074,3423,2854
10,2,3365,3388,3363,3555,3066,3423,2854
10,3,3365,3366,3363,3555,3287,3423,2854
10,4,3365,3366,3363,3555,3284,3423,2854
11,1,3365,3388,3363,3555,3074,3423,2854
11,2,3365,3388,3363,3555,3066,3423,2854
11,3,3365,3366,3363,3555,3287,3423,2854
11,4,3365,3366,3363,3555,3284,3423,2854
12,1,3365,3388,3363,3555,3074,3423,2854
12,2,3365,3388,3363,3555,3066,3423,2854
12,3,3365,3366,3363,3555,3287,3423,2854
12,4,3365,3366,3363,3555,3284,3423,2854
13,1,3365,3388,3363,3555,3075,3423,2854
13,2,3365,3388,3363,3555,3070,3423,2854
13,3,3365,3366,3363,3555,3287,3423,2854
13,4,3365,3366,3363,3555,3284,3423,2854
14,1,3365,3388,3363,3555,3075,3423,2854
14,2,3365,3388,3363,3555,3070,3423,2854
14,3,3365,3366,3363,3555,3287,3423,2854
14,4,3365,3366,3363,3555,3284,3423,2854
15,1,3365,3388,3363,3555,3075,3423,2854
15,2,3365,3388,3363,3555,3070,3423,2854
15,3,3365,3366,3363,3555,3287,3423,2854
15,4,3365,3366,3363,3555,3284,3423,2854
16,1,3365,3388,3363,3555,3075,3423,2854
16,2,3365,3388,3363,3555,3070,3423,2854
16,3,3365,3366,3363,3555,3287,3423,2854
16,4,3365,3366,3363,3555,3284,3423,2854
17,1,3365,3388,3363,3555,3075,3423,2854
17,2,3365,3388,3363,3555,3070,3423,2854
17,3,3365,3366,3363,3555,3287,3423,2854
17,4,3365,3366,3363,3555,3284,3423,2854
18,1,3365,3388,3363,3555,3075,3423,2854
18,2,3365,3388,3363,3555,3070,3423,2854
18,3,3365,3366,3363,3555,3287,3423,2854
18,4,3365,3366,3363,3555,3284,3423,2854
19,1,3365,3388,3363,3555,3072,3423,2854
19,2,3365,3388,3363,3555,3069,3423,2854
19,3,3365,3366,3363,3555,3287,3423,2854
19,4,3365,3366,3363,3555,3284,3423,2854
20,1,3365,3388,3363,3555,3072,3423,2854
20,2,3365,3388,3363,3555,3069,3423,2854
20,3,3365,3366,3363,3555,3347,3423,2854
20,4,3365,3366,3363,3555,3284,3423,2854
21,1,3365,3388,3363,3555,3072,3423,2854
21,2,3365,3388,3363,3555,3069,3423,2854
21,3,3365,3366,3363,3555,3347,3423,2854
21,4,3365,3366,3363,3555,3284,3423,2854
22,1,3365,3388,3363,3555,3072,3423,2854
22,2,3365,3388,3363,3555,3069,3423,2854
22,3,3365,3366,3363,3555,3347,3423,2854
22,4,3365,3366,3363,3555,3284,3423,2854
23,1,3365,3388,3363,3555,3072,3423,2854
23,2,3365,3388,3363,3555,3069,3423,2854
23,3,3365,3366,3363,3555,3347,3423,2854
23,4,3365,3366,3363,3555,3284,3423,2854
24,1,3365,3388,3363,3555,3072,3423,2854
24,2,3365,3388,3363,3555,3069,3423,2854
24,3,3365,3366,3363,3555,3347,3423,2854
24,4,3365,3366,3363,3555,3284,3423,2854
25,1,3365,3388,3363,3555,3072,3423,2854
25,2,3365,3388,3363,3555,3069,3423,2854
25,3,3365,3366,3363,3555,7378,3423,2854
25,4,3365,3366,3363,3555,3284,3423,2854
26,1,3365,3388,3363,3555,3073,3423,2854
26,2,3365,3388,3363,3555,3065,3423,2854
26,3,3365,3366,3363,3555,7378,3423,2854
26,4,3365,3366,3363,3555,3284,3423,2854
27,1,3365,3388,3363,3555,3073,3423,2854
27,2,3365,3388,3363,3555,3065,3423,2854
27,3,3365,3366,3363,3555,7378,3423,2854
27,4,3365,3366,3363,3555,3284,3423,2854
28,1,3365,3388,3363,3555,3073,3423,2854
28,2,3365,3388,3363,3555,3065,3423,2854
28,3,3365,3366,3363,3555,7378,3423,2854
28,4,3365,3366,3363,3555,3284,3423,2854
29,1,3365,3388,3363,3555,3073,3423,2854
29,2,3365,3388,3363,3555,3065,3423,2854
29,3,3365,3366,3363,3555,7378,3423,2854
29,4,3365,3366,3363,3555,3284,3423,2854
30,1,3365,3388,3363,3555,3073,3423,2854
30,2,3365,3388,3363,3555,3065,3423,2854
30,3,3365,3366,3363,3555,7378,3423,2854
30,4,3365,3366,3363,3555,3284,3423,2854
31,1,3365,3388,3363,3555,3073,3423,2854
31,2,3365,3388,3363,3555,3065,3423,2854
31,3,3365,3366,3363,3555,7378,3423,2854
31,4,3365,3366,3363,3555,3284,3423,2854
32,1,3365,3388,3363,3555,3073,3423,2854
32,2,3365,3388,3363,3555,3065,3423,2854
32,3,3365,3366,3363,3555,7378,3423,2854
32,4,3365,3366,3363,3555,3284,3423,2854
33,1,3365,3388,3363,3555,3071,3423,2854
33,2,3365,3388,3363,3555,3067,3423,2854
33,3,3365,3366,3363,3555,7378,3423,2854
33,4,3365,3366,3363,3555,3284,3423,2854
34,1,3365,3388,3363,3555,3071,3423,2854
34,2,3365,3388,3363,3555,3067,3423,2854
34,3,3365,3366,3363,3555,7378,3423,2854
34,4,3365,3366,3363,3555,3284,3423,2854
35,1,3365,3388,3363,3555,3071,3423,2854
35,2,3365,3388,3363,3555,3067,3423,2854
35,3,3365,3366,3363,3555,7378,3423,2854
35,4,3365,3366,3363,3555,3284,3423,2854
36,1,3365,3388,3363,3555,3071,3423,2854
36,2,3365,3388,3363,3555,3067,3423,2854
36,3,3365,3366,3363,3555,7378,3423,2854
36,4,3365,3366,3363,3555,3284,3423,2854
37,1,3365,3388,3363,3555,3071,3423,2854
37,2,3365,3388,3363,3555,3067,3423,2854
37,3,3365,3366,3363,3555,7378,3423,2854
37,4,3365,3366,3363,3555,3284,3423,2854
38,1,3365,3388,3363,3555,3071,3423,2854
38,2,3365,3388,3363,3555,3067,3423,2854
38,3,3365,3366,3363,3555,7378,3423,2854
38,4,3365,3366,3363,3555,13987,,2854
39,1,3365,3388,3363,3555,3071,3423,2854
39,2,3365,3388,3363,3555,3067,3423,2854
39,3,3365,3366,3363,3555,7378,3423,2854
39,4,3365,3366,3363,3555,13987,,2854
40,1,3365,3388,3363,3555,3071,3423,2854
40,2,3365,3388,3363,3555,3067,3423,2854
40,3,3365,3366,3363,3555,7378,3423,2854
40,4,3365,3366,3363,3555,7386,,2854
41,1,3365,3388,3363,3555,8092,3423,2854
41,2,3365,3388,3363,3555,3067,3423,2854
41,3,3365,3366,3363,3555,7378,3423,2854
41,4,3365,3366,3363,3555,7386,,2854
42,1,3365,3388,3363,3555,8094,3423,2854
42,2,3365,3388,3363,3555,3067,3423,2854
42,3,3365,3366,3363,3555,7367,3423,2854
42,4,3365,3366,3363,3555,7386,,2854
43,1,3365,3388,3363,3555,8094,3423,2854
43,2,3365,3388,3363,3555,3067,3423,2854
43,3,3365,3366,3363,3555,7367,3423,2854
43,4,3365,3366,3363,3555,7386,,2854
44,1,3365,3388,3363,3555,8094,3423,2854
44,2,3365,3388,3363,3555,3067,3423,2854
44,3,3365,3366,3363,3555,7367,3423,2854
44,4,3365,3366,3363,3555,7386,,2854
45,1,3365,3388,3363,3555,8094,3423,2854
45,2,3365,3388,3363,3555,3067,3423,2854
45,3,3365,3366,3363,3555,7367,3423,2854
45,4,3365,3366,3363,3555,7402,,2854
46,1,3365,3388,3363,3555,8094,3423,2854
46,2,3365,3388,3363,3555,3067,3423,2854
46,3,3365,3366,3363,3555,7367,3423,2854
46,4,3365,3366,3363,3555,7402,,2854
47,1,3365,3388,3363,3555,8094,3423,2854
47,2,3365,3388,3363,3555,3067,3423,2854
47,3,3365,3366,3363,3555,7367,3423,2854
47,4,3365,3366,3363,3555,7402,,2854
48,1,3365,3388,3363,3555,8094,3423,2854
48,2,3365,3388,3363,3555,3067,3423,2854
48,3,3365,3366,3363,3555,7367,3423,2854
48,4,3365,3366,3363,3555,7402,,2854
49,1,3365,3388,3363,3555,8094,3423,2854
49,2,3365,3388,3363,3555,3067,3423,2854
49,3,3365,3366,3363,3555,7367,3423,2854
49,4,3365,3366,3363,3555,7402,,2854
50,1,3365,3388,3363,3555,8094,3423,2854
50,2,3365,3388,3363,3555,3067,3423,2854
50,3,3365,3366,3363,3555,7367,3423,2854
50,4,3365,3366,3363,3555,14043,,2854
51,1,3365,3388,3363,3555,8094,3423,2854
51,2,3365,3388,3363,3555,3067,3423,2854
51,3,3365,3366,3363,3555,7367,3423,2854
51,4,3365,3366,3363,3555,14043,,2854
52,1,3365,3388,3363,3555,8094,3423,2854
52,2,3365,3388,3363,3555,3067,3423,2854
52,3,3365,3366,3363,3555,7367,3423,2854
52,4,3365,3366,3363,3555,14043,,2854
53,1,3365,3388,3363,3555,8094,3423,2854
53,2,3365,3388,3363,3555,3067,3423,2854
53,3,3365,3366,3363,3555,7367,3423,2854
53,4,3365,3366,3363,3555,14043,,2854
54,1,3365,3388,3363,3555,8094,3423,2854
54,2,3365,3388,3363,3555,3067,3423,2854
54,3,3365,3366,3363,3555,7367,3423,2854
54,4,3365,3366,3363,3555,14043,,2854
55,1,3365,3388,3363,3555,8094,3423,2854
55,2,3365,3388,3363,3555,3067,3423,2854
55,3,3365,3366,3363,3555,7367,3423,2854
55,4,3365,3366,3363,3555,3281,,2854
56,1,3365,3388,3363,3555,8094,3423,2854
56,2,3365,3388,3363,3555,3067,3423,2854
56,3,3365,3366,3363,3555,7367,3423,2854
56,4,3365,3366,3363,3555,3281,,2854
57,1,3365,3388,3363,3555,8094,3423,2854
57,2,3365,3388,3363,3555,3067,3423,2854
57,3,3365,3366,3363,3555,7367,3423,2854
57,4,3365,3366,3363,3555,3281,,2854
58,1,3365,3388,3363,3555,8094,3423,2854
58,2,3365,3388,3363,3555,3067,3423,2854
58,3,3365,3366,3363,3555,7367,3423,2854
58,4,3365,3366,3363,3555,11657,,2854
59,1,3365,3388,3363,3555,8094,3423,2854
59,2,3365,3388,3363,3555,3067,3423,2854
59,3,3365,3366,3363,3555,7367,3423,2854
59,4,3365,3366,3363,3555,11657,,2854
60,1,3365,3388,3363,3555,8094,3423,2854
60,2,3365,3388,3363,3555,3067,3423,2854
60,3,3365,3366,3363,3555,21158,3423,2854
60,4,3365,3366,3363,3555,3302,,2854
61,1,3365,3388,3363,3555,8094,3423,2854
61,2,3365,3388,3363,3555,3067,3423,2854
61,3,3365,3366,3363,3555,21158,3423,2854
61,4,3365,3366,3363,3555,3302,,2854
62,1,3365,3388,3363,3555,8094,3423,2854
62,2,3365,3388,3363,3555,3067,3423,2854
62,3,3365,3366,3363,3555,21158,3423,2854
62,4,3365,3366,3363,3555,3302,,2854
63,1,3365,3388,3363,3555,8094,3423,2854
63,2,3365,3388,3363,3555,3067,3423,2854
63,3,3365,3366,3363,3555,21158,3423,2854
63,4,3365,3366,3363,3555,3302,,2854
64,1,3365,3388,3363,3555,8094,3423,2854
64,2,3365,3388,3363,3555,3067,3423,2854
64,3,3365,3366,3363,3555,21158,3423,2854
64,4,3365,3366,3363,3555,3302,,2854
65,1,3365,3388,3363,3555,16096,3423,2854
65,2,3365,3388,3363,3555,16117,3423,2854
65,3,3365,3366,3363,3555,21158,3423,2854
65,4,3365,3366,3363,3555,3332,,2854
66,1,3365,3388,3363,3555,16096,3423,2854
66,2,3365,3388,3363,3555,16117,3423,2854
66,3,3365,3366,3363,3555,21158,3423,2854
66,4,3365,3366,3363,3555,3332,,2854
67,1,3365,3388,3363,3555,16096,3423,2854
67,2,3365,3388,3363,3555,16117,3423,2854
67,3,3365,3366,3363,3555,21158,3423,2854
67,4,3365,3366,3363,3555,3332,,2854
68,1,3365,3388,3363,3555,16096,3423,2854
68,2,3365,3388,3363,3555,16117,3423,2854
68,3,3365,3366,3363,3555,21158,3423,2854
68,4,3365,3366,3363,3555,3332,,2854
69,1,3365,3388,3363,3555,16096,3423,2854
69,2,3365,3388,3363,3555,16117,3423,2854
69,3,3365,3366,3363,3555,21158,3423,2854
69,4,3365,3366,3363,3555,3332,,2854
70,1,3365,3388,3363,3555,16096,3423,2854
70,2,3365,3388,3363,3555,16117,3423,2854
70,3,3365,3366,3363,3555,21158,3423,2854
70,4,3365,3366,3363,3555,3331,,2854
71,1,3365,3388,3363,3555,16096,3423,2854
71,2,3365,3388,3363,3555,16117,3423,2854
71,3,3365,3366,3363,3555,21158,3423,2854
71,4,3365,3366,3363,3555,3331,,2854
72,1,3365,3388,3363,3555,16096,3423,2854
72,2,3365,3388,3363,3555,16117,3423,2854
72,3,3365,3366,3363,3555,21158,3423,2854
72,4,3365,3366,3363,3555,3331,,2854
73,1,3365,3388,3363,3555,16096,3423,2854
73,2,3365,3388,3363,3555,16117,3423,2854
73,3,3365,3366,3363,3555,21158,3423,2854
73,4,3365,3366,3363,3555,3331,,2854
74,1,3365,3388,3363,3555,16096,3423,2854
74,2,3365,3388,3363,3555,16117,3423,2854
74,3,3365,3366,3363,3555,21158,3423,2854
74,4,3365,3366,3363,3555,3331,,2854
75,1,3365,3388,3363,3555,16096,3423,2854
75,2,3365,3388,3363,3555,16117,3423,2854
75,3,3365,3366,3363,3555,21158,3423,2854
75,4,3365,3366,3363,3555,20067,,2854
76,1,3365,3388,3363,3555,16096,3423,2854
76,2,3365,3388,3363,3555,16117,3423,2854
76,3,3365,3366,3363,3555,21158,3423,2854
76,4,3365,3366,3363,3555,20067,,2854
77,1,3365,3388,3363,3555,16096,3423,2854
77,2,3365,3388,3363,3555,16117,3423,2854
77,3,3365,3366,3363,3555,21158,3423,2854
77,4,3365,3366,3363,3555,20067,,2854
78,1,3365,3388,3363,3555,16096,3423,2854
78,2,3365,3388,3363,3555,16117,3423,2854
78,3,3365,3366,3363,3555,21158,3423,2854
78,4,3365,3366,3363,3555,20067,,2854
79,1,3365,3388,3363,3555,16096,3423,2854
79,2,3365,3388,3363,3555,16117,3423,2854
79,3,3365,3366,3363,3555,21158,3423,2854
79,4,3365,3366,3363,3555,20067,,2854
80,1,3365,3388,3363,3555,16096,3423,2854
80,2,3365,3388,3363,3555,16117,3423,2854
80,3,3365,3366,3363,3555,7368,3423,2854
80,4,3365,3366,3363,3555,20067,,2854
81,1,3365,3388,3363,3555,16096,3423,2854
81,2,3365,3388,3363,3555,16117,3423,2854
81,3,3365,3366,3363,3555,7368,3423,2854
81,4,3365,3366,3363,3555,20067,,2854
82,1,3365,3388,3363,3555,16096,3423,2854
82,2,3365,3388,3363,3555,16117,3423,2854
82,3,3365,3366,3363,3555,7368,3423,2854
82,4,3365,3366,3363,3555,20067,,2854
83,1,3365,3388,3363,3555,16096,3423,2854
83,2,3365,3388,3363,3555,16117,3423,2854
83,3,3365,3366,3363,3555,7368,3423,2854
83,4,3365,3366,3363,3555,20067,,2854
84,1,3365,3388,3363,3555,16096,3423,2854
84,2,3365,3388,3363,3555,16117,3423,2854
84,3,3365,3366,3363,3555,7368,3423,2854
84,4,3365,3366,3363,3555,20067,,2854
85,1,3365,3388,3363,3555,16096,3423,2854
85,2,3365,3388,3363,3555,16117,3423,2854
85,3,3365,3366,3363,3555,7368,3423,2854
85,4,3365,3366,3363,3555,7423,,2854
86,1,3365,3388,3363,3555,16096,3423,2854
86,2,3365,3388,3363,3555,16117,3423,2854
86,3,3365,3366,3363,3555,7368,3423,2854
86,4,3365,3366,3363,3555,7423,,2854
87,1,3365,3388,3363,3555,16096,3423,2854
87,2,3365,3388,3363,3555,16117,3423,2854
87,3,3365,3366,3363,3555,7368,3423,2854
87,4,3365,3366,3363,3555,7423,,2854
88,1,3365,3388,3363,3555,16096,3423,2854
88,2,3365,3388,3363,3555,16117,3423,2854
88,3,3365,3366,3363,3555,7368,3423,2854
88,4,3365,3366,3363,3555,7423,,2854
89,1,3365,3388,3363,3555,16096,3423,2854
89,2,3365,3388,3363,3555,16117,3423,2854
89,3,3365,3366,3363,3555,7368,3423,2854
89,4,3365,3366,3363,3555,7423,,2854
90,1,3365,3388,3363,3555,16096,3423,2854
90,2,3365,3388,3363,3555,16117,3423,2854
90,3,3365,3366,3363,3555,7368,3423,2854
90,4,3365,3366,3363,3555,7423,,2854
91,1,3365,3388,3363,3555,16096,3423,2854
91,2,3365,3388,3363,3555,16117,3423,2854
91,3,3365,3366,3363,3555,7368,3423,2854
91,4,3365,3366,3363,3555,7423,,2854
92,1,3365,3388,3363,3555,16096,3423,2854
92,2,3365,3388,3363,3555,16117,3423,2854
92,3,3365,3366,3363,3555,7368,3423,2854
92,4,3365,3366,3363,3555,7423,,2854
93,1,3365,3388,3363,3555,16096,3423,2854
93,2,3365,3388,3363,3555,16117,3423,2854
93,3,3365,3366,3363,3555,7368,3423,2854
93,4,3365,3366,3363,3555,7423,,2854
94,1,3365,3388,3363,3555,16096,3423,2854
94,2,3365,3388,3363,3555,16117,3423,2854
94,3,3365,3366,3363,3555,7368,3423,2854
94,4,3365,3366,3363,3555,7423,,2854
95,1,3365,3388,3363,3555,16096,3423,2854
95,2,3365,3388,3363,3555,16117,3423,2854
95,3,3365,3366,3363,3555,7368,3423,2854
95,4,3365,3366,3363,3555,3303,,2854
96,1,3365,3388,3363,3555,16096,3423,2854
96,2,3365,3388,3363,3555,16117,3423,2854
96,3,3365,3366,3363,3555,7368,3423,2854
96,4,3365,3366,3363,3555,3303,,2854
97,1,3365,3388,3363,3555,16096,3423,2854
97,2,3365,3388,3363,3555,16117,3423,2854
97,3,3365,3366,3363,3555,7368,3423,2854
97,4,3365,3366,3363,3555,3303,,2854
98,1,3365,3388,3363,3555,16096,3423,2854
98,2,3365,3388,3363,3555,16117,3423,2854
98,3,3365,3366,3363,3555,7368,3423,2854
98,4,3365,3366,3363,3555,3303,,2854
99,1,3365,3388,3363,3555,16096,3423,2854
99,2,3365,3388,3363,3555,16117,3423,2854
99,3,3365,3366,3363,3555,7368,3423,2854
99,4,3365,3366,3363,3555,3303,,2854
100,1,3365,3388,3363,3555,16096,3423,2854
100,2,3365,3388,3363,3555,16117,3423,2854
100,3,3365,3366,3363,3555,7368,3423,2854
100,4,3365,3366,3363,3555,3303,,2854
101,1,3365,3388,3363,3555,16096,3423,2854
101,2,3365,3388,3363,3555,16117,3423,2854
101,3,3365,3366,3363,3555,7368,3423,2854
101,4,3365,3366,3363,3555,3303,,2854
102,1,3365,3388,3363,3555,16096,3423,2854
102,2,3365,3388,3363,3555,16117,3423,2854
102,3,3365,3366,3363,3555,7368,3423,2854
102,4,3365,3366,3363,3555,3303,,2854
103,1,3365,3388,3363,3555,16096,3423,2854
103,2,3365,3388,3363,3555,16117,3423,2854
103,3,3365,3366,3363,3555,7368,3423,2854
103,4,3365,3366,3363,3555,3303,,2854
104,1,3365,3388,3363,3555,16096,3423,2854
104,2,3365,3388,3363,3555,16117,3423,2854
104,3,3365,3366,3363,3555,7368,3423,2854
104,4,3365,3366,3363,3555,3303,,2854
105,1,3365,3388,3363,3555,16096,3423,2854
105,2,3365,3388,3363,3555,16117,3423,2854
105,3,3365,3366,3363,3555,7368,3423,2854
105,4,3365,3366,3363,3555,3303,,2854
106,1,3365,3388,3363,3555,16096,3423,2854
106,2,3365,3388,3363,3555,16117,3423,2854
106,3,3365,3366,3363,3555,7368,3423,2854
106,4,3365,3366,3363,3555,3303,,2854
107,1,3365,3388,3363,3555,16096,3423,2854
107,2,3365,3388,3363,3555,16117,3423,2854
107,3,3365,3366,3363,3555,7368,3423,2854
107,4,3365,3366,3363,3555,3303,,2854
108,1,3365,3388,3363,3555,16096,3423,2854
108,2,3365,3388,3363,3555,16117,3423,2854
108,3,3365,3366,3363,3555,7368,3423,2854
108,4,3365,3366,3363,3555,3303,,2854
109,1,3365,3388,3363,3555,16096,3423,2854
109,2,3365,3388,3363,3555,16117,3423,2854
109,3,3365,3366,3363,3555,7368,3423,2854
109,4,3365,3366,3363,3555,3303,,2854
110,1,3365,3388,3363,3555,16096,3423,2854
110,2,3365,3388,3363,3555,16117,3423,2854
110,3,3365,3366,3363,3555,7368,3423,2854
110,4,3365,3366,3363,3555,3303,,2854
111,1,3365,3388,3363,3555,16096,3423,2854
111,2,3365,3388,3363,3555,16117,3423,2854
111,3,3365,3366,3363,3555,7368,3423,2854
111,4,3365,3366,3363,3555,3303,,2854
112,1,3365,3388,3363,3555,16096,3423,2854
112,2,3365,3388,3363,3555,16117,3423,2854
112,3,3365,3366,3363,3555,7368,3423,2854
112,4,3365,3366,3363,3555,3303,,2854
113,1,3365,3388,3363,3555,16096,3423,2854
113,2,3365,3388,3363,3555,16117,3423,2854
113,3,3365,3366,3363,3555,7368,3423,2854
113,4,3365,3366,3363,3555,3303,,2854
114,1,3365,3388,3363,3555,16096,3423,2854
114,2,3365,3388,3363,3555,16117,3423,2854
114,3,3365,3366,3363,3555,7368,3423,2854
114,4,3365,3366,3363,3555,3303,,2854
115,1,3365,3388,3363,3555,16096,3423,2854
115,2,3365,3388,3363,3555,16117,3423,2854
115,3,3365,3366,3363,3555,7368,3423,2854
115,4,3365,3366,3363,3555,3303,,2854
116,1,3365,3388,3363,3555,16096,3423,2854
116,2,3365,3388,3363,3555,16117,3423,2854
116,3,3365,3366,3363,3555,7368,3423,2854
116,4,3365,3366,3363,3555,3303,,2854
117,1,3365,3388,3363,3555,16096,3423,2854
117,2,3365,3388,3363,3555,16117,3423,2854
117,3,3365,3366,3363,3555,7368,3423,2854
117,4,3365,3366,3363,3555,3303,,2854
118,1,3365,3388,3363,3555,16096,3423,2854
118,2,3365,3388,3363,3555,16117,3423,2854
118,3,3365,3366,3363,3555,7368,3423,2854
118,4,3365,3366,3363,3555,3303,,2854
119,1,3365,3388,3363,3555,16096,3423,2854
119,2,3365,3388,3363,3555,16117,3423,2854
119,3,3365,3366,3363,3555,7368,3423,2854
119,4,3365,3366,3363,3555,3303,,2854
120,1,3365,3388,3363,3555,16096,3423,2854
120,2,3365,3388,3363,3555,16117,3423,2854
120,3,3365,3366,3363,3555,7368,3423,2854
120,4,3365,3366,3363,3555,3296,,2854
121,1,3365,3388,3363,3555,16096,3423,2854
121,2,3365,3388,3363,3555,16117,3423,2854
121,3,3365,3366,3363,3555,7368,3423,2854
121,4,3365,3366,3363,3555,3296,,2854
122,1,3365,3388,3363,3555,16096,3423,2854
122,2,3365,3388,3363,3555,16117,3423,2854
122,3,3365,3366,3363,3555,7368,3423,2854
122,4,3365,3366,3363,3555,3296,,2854
123,1,3365,3388,3363,3555,16096,3423,2854
123,2,3365,3388,3363,3555,16117,3423,2854
123,3,3365,3366,3363,3555,7368,3423,2854
123,4,3365,3366,3363,3555,3296,,2854
124,1,3365,3388,3363,3555,16096,3423,2854
124,2,3365,3388,3363,3555,16117,3423,2854
124,3,3365,3366,3363,3555,7368,3423,2854
124,4,3365,3366,3363,3555,3296,,2854
125,1,3365,3388,3363,3555,16096,3423,2854
125,2,3365,3388,3363,3555,16117,3423,2854
125,3,3365,3366,3363,3555,7368,3423,2854
125,4,3365,3366,3363,3555,3296,,2854
126,1,3365,3388,3363,3555,16096,3423,2854
126,2,3365,3388,3363,3555,16117,3423,2854
126,3,3365,3366,3363,3555,7368,3423,2854
126,4,3365,3366,3363,3555,3296,,2854
127,1,3365,3388,3363,3555,16096,3423,2854
127,2,3365,3388,3363,3555,16117,3423,2854
127,3,3365,3366,3363,3555,7368,3423,2854
127,4,3365,3366,3363,3555,3296,,2854
128,1,3365,3388,3363,3555,16096,3423,2854
128,2,3365,3388,3363,3555,16117,3423,2854
128,3,3365,3366,3363,3555,7368,3423,2854
128,4,3365,3366,3363,3555,3296,,2854
129,1,3365,3388,3363,3555,16096,3423,2854
129,2,3365,3388,3363,3555,16117,3423,2854
129,3,3365,3366,3363,3555,7368,3423,2854
129,4,3365,3366,3363,3555,3296,,2854
130,1,3365,3388,3363,3555,16096,3423,2854
130,2,3365,3388,3363,3555,16117,3423,2854
130,3,3365,3366,3363,3555,7368,3423,2854
130,4,3365,3366,3363,3555,3296,,2854
131,1,3365,3388,3363,3555,16096,3423,2854
131,2,3365,3388,3363,3555,16117,3423,2854
131,3,3365,3366,3363,3555,7368,3423,2854
131,4,3365,3366,3363,3555,3296,,2854
132,1,3365,3388,3363,3555,16096,3423,2854
132,2,3365,3388,3363,3555,16117,3423,2854
132,3,3365,3366,3363,3555,7368,3423,2854
132,4,3365,3366,3363,3555,3296,,2854
133,1,3365,3388,3363,3555,16096,3423,2854
133,2,3365,3388,3363,3555,16117,3423,2854
133,3,3365,3366,3363,3555,7368,3423,2854
133,4,3365,3366,3363,3555,3296,,2854
134,1,3365,3388,3363,3555,16096,3423,2854
134,2,3365,3388,3363,3555,16117,3423,2854
134,3,3365,3366,3363,3555,7368,3423,2854
134,4,3365,3366,3363,3555,3296,,2854
135,1,3365,3388,3363,3555,16096,3423,2854
135,2,3365,3388,3363,3555,16117,3423,2854
135,3,3365,3366,3363,3555,7368,3423,2854
135,4,3365,3366,3363,3555,3296,,2854
136,1,3365,3388,3363,3555,16096,3423,2854
136,2,3365,3388,3363,3555,16117,3423,2854
136,3,3365,3366,3363,3555,7368,3423,2854
136,4,3365,3366,3363,3555,3296,,2854
137,1,3365,3388,3363,3555,16096,3423,2854
137,2,3365,3388,3363,3555,16117,3423,2854
137,3,3365,3366,3363,3555,7368,3423,2854
137,4,3365,3366,3363,3555,3296,,2854
138,1,3365,3388,3363,3555,16096,3423,2854
138,2,3365,3388,3363,3555,16117,3423,2854
138,3,3365,3366,3363,3555,7368,3423,2854
138,4,3365,3366,3363,3555,3296,,2854
139,1,3365,3388,3363,3555,16096,3423,2854
139,2,3365,3388,3363,3555,16117,3423,2854
139,3,3365,3366,3363,3555,7368,3423,2854
139,4,3365,3366,3363,3555,3296,,2854
140,1,3365,3388,3363,3555,16096,3423,2854
140,2,3365,3388,3363,3555,16117,3423,2854
140,3,3365,3366,3363,3555,7368,3423,2854
140,4,3365,3366,3363,3555,3278,,2854
141,1,3365,3388,3363,3555,16096,3423,2854
141,2,3365,3388,3363,3555,16117,3423,2854
141,3,3365,3366,3363,3555,7368,3423,2854
141,4,3365,3366,3363,3555,3278,,2854
142,1,3365,3388,3363,3555,16096,3423,2854
142,2,3365,3388,3363,3555,16117,3423,2854
142,3,3365,3366,3363,3555,7368,3423,2854
142,4,3365,3366,3363,3555,3278,,2854
143,1,3365,3388,3363,3555,16096,3423,2854
143,2,3365,3388,3363,3555,16117,3423,2854
143,3,3365,3366,3363,3555,7368,3423,2854
143,4,3365,3366,3363,3555,3278,,2854
144,1,3365,3388,3363,3555,16096,3423,2854
144,2,3365,3388,3363,3555,16117,3423,2854
144,3,3365,3366,3363,3555,7368,3423,2854
144,4,3365,3366,3363,3555,3278,,2854
145,1,3365,3388,3363,3555,16096,3423,2854
145,2,3365,3388,3363,3555,16117,3423,2854
145,3,3365,3366,3363,3555,7368,3423,2854
145,4,3365,3366,3363,3555,3278,,2854
146,1,3365,3388,3363,3555,16096,3423,2854
146,2,3365,3388,3363,3555,16117,3423,2854
146,3,3365,3366,3363,3555,7368,3423,2854
146,4,3365,3366,3363,3555,3278,,2854
147,1,3365,3388,3363,3555,16096,3423,2854
147,2,3365,3388,3363,3555,16117,3423,2854
147,3,3365,3366,3363,3555,7368,3423,2854
147,4,3365,3366,3363,3555,3278,,2854
148,1,3365,3388,3363,3555,16096,3423,2854
148,2,3365,3388,3363,3555,16117,3423,2854
148,3,3365,3366,3363,3555,7368,3423,2854
148,4,3365,3366,3363,3555,3278,,2854
149,1,3365,3388,3363,3555,16096,3423,2854
149,2,3365,3388,3363,3555,16117,3423,2854
149,3,3365,3366,3363,3555,7368,3423,2854
149,4,3365,3366,3363,3555,3278,,2854
150,1,3365,3388,3363,3555,35522,3423,2854
150,2,3365,3388,3363,3555,35521,3423,2854
150,3,3365,3366,3363,3555,35518,35524,2854
150,4,3365,3366,3363,3555,3278,,2854
151,1,3365,3388,3363,3555,35522,3423,2854
151,2,3365,3388,3363,3555,35521,3423,2854
151,3,3365,3366,3363,3555,35518,35524,2854
151,4,3365,3366,3363,3555,3278,,2854
152,1,3365,3388,3363,3555,35522,3423,2854
152,2,3365,3388,3363,3555,35521,3423,2854
152,3,3365,3366,3363,3555,35518,35524,2854
152,4,3365,3366,3363,3555,3278,,2854
153,1,3365,3388,3363,3555,35522,3423,2854
153,2,3365,3388,3363,3555,35521,3423,2854
153,3,3365,3366,3363,3555,35518,35524,2854
153,4,3365,3366,3363,3555,3278,,2854
154,1,3365,3388,3363,3555,35522,3423,2854
154,2,3365,3388,3363,3555,35521,3423,2854
154,3,3365,3366,3363,3555,35518,35524,2854
154,4,3365,3366,3363,3555,3278,,2854
155,1,3365,3388,3363,3555,35522,3423,2854
155,2,3365,3388,3363,3555,35521,3423,2854
155,3,3365,3366,3363,3555,35518,35524,2854
155,4,3365,3366,3363,3555,3278,,2854
156,1,3365,3388,3363,3555,35522,3423,2854
156,2,3365,3388,3363,3555,35521,3423,2854
156,3,3365,3366,3363,3555,35518,35524,2854
156,4,3365,3366,3363,3555,3278,,2854
157,1,3365,3388,3363,3555,35522,3423,2854
157,2,3365,3388,3363,3555,35521,3423,2854
157,3,3365,3366,3363,3555,35518,35524,2854
157,4,3365,3366,3363,3555,3278,,2854
158,1,3365,3388,3363,3555,35522,3423,2854
158,2,3365,3388,3363,3555,35521,3423,2854
158,3,3365,3366,3363,3555,35518,35524,2854
158,4,3365,3366,3363,3555,3278,,2854
159,1,3365,3388,3363,3555,35522,3423,2854
159,2,3365,3388,3363,3555,35521,3423,2854
159,3,3365,3366,3363,3555,35518,35524,2854
159,4,3365,3366,3363,3555,3278,,2854
160,1,3365,3388,3363,3555,35522,3423,2854
160,2,3365,3388,3363,3555,35521,3423,2854
160,3,3365,3366,3363,3555,35518,35524,2854
160,4,3365,3366,3363,3555,3278,,2854
161,1,3365,3388,3363,3555,35522,3423,2854
161,2,3365,3388,3363,3555,35521,3423,2854
161,3,3365,3366,3363,3555,35518,35524,2854
161,4,3365,3366,3363,3555,3278,,2854
162,1,3365,3388,3363,3555,35522,3423,2854
162,2,3365,3388,3363,3555,35521,3423,2854
162,3,3365,3366,3363,3555,35518,35524,2854
162,4,3365,3366,3363,3555,3278,,2854
163,1,3365,3388,3363,3555,35522,3423,2854
163,2,3365,3388,3363,3555,35521,3423,2854
163,3,3365,3366,3363,3555,35518,35524,2854
163,4,3365,3366,3363,3555,3278,,2854
164,1,3365,3388,3363,3555,35522,3423,2854
164,2,3365,3388,3363,3555,35521,3423,2854
164,3,3365,3366,3363,3555,35518,35524,2854
164,4,3365,3366,3363,3555,3278,,2854
165,1,3365,3388,3363,3555,35522,3423,2854
165,2,3365,3388,3363,3555,35521,3423,2854
165,3,3365,3366,3363,3555,35518,35524,2854
165,4,3365,3366,3363,3555,3278,,2854
166,1,3365,3388,3363,3555,35522,3423,2854
166,2,3365,3388,3363,3555,35521,3423,2854
166,3,3365,3366,3363,3555,35518,35524,2854
166,4,3365,3366,3363,3555,3278,,2854
167,1,3365,3388,3363,3555,35522,3423,2854
167,2,3365,3388,3363,3555,35521,3423,2854
167,3,3365,3366,3363,3555,35518,35524,2854
167,4,3365,3366,3363,3555,3278,,2854
168,1,3365,3388,3363,3555,35522,3423,2854
168,2,3365,3388,3363,3555,35521,3423,2854
168,3,3365,3366,3363,3555,35518,35524,2854
168,4,3365,3366,3363,3555,3278,,2854
169,1,3365,3388,3363,3555,35522,3423,2854
169,2,3365,3388,3363,3555,35521,3423,2854
169,3,3365,3366,3363,3555,35518,35524,2854
169,4,3365,3366,3363,3555,3278,,2854
170,1,3365,3388,3363,3555,35522,3423,2854
170,2,3365,3388,3363,3555,35521,3423,2854
170,3,3365,3366,3363,3555,35518,35524,2854
170,4,3365,3366,3363,3555,3278,,2854
171,1,3365,3388,3363,3555,35522,3423,2854
171,2,3365,3388,3363,3555,35521,3423,2854
171,3,3365,3366,3363,3555,35518,35524,2854
171,4,3365,3366,3363,3555,3278,,2854
172,1,3365,3388,3363,3555,35522,3423,2854
172,2,3365,3388,3363,3555,35521,3423,2854
172,3,3365,3366,3363,3555,35518,35524,2854
172,4,3365,3366,3363,3555,3278,,2854
173,1,3365,3388,3363,3555,35522,3423,2854
173,2,3365,3388,3363,3555,35521,3423,2854
173,3,3365,3366,3363,3555,35518,35524,2854
173,4,3365,3366,3363,3555,3278,,2854
174,1,3365,3388,3363,3555,35522,3423,2854
174,2,3365,3388,3363,3555,35521,3423,2854
174,3,3365,3366,3363,3555,35518,35524,2854
174,4,3365,3366,3363,3555,3278,,2854
175,1,3365,3388,3363,3555,35522,3423,2854
175,2,3365,3388,3363,3555,35521,3423,2854
175,3,3365,3366,3363,3555,35518,35524,2854
175,4,3365,3366,3363,3555,3278,,2854
176,1,3365,3388,3363,3555,35522,3423,2854
176,2,3365,3388,3363,3555,35521,3423,2854
176,3,3365,3366,3363,3555,35518,35524,2854
176,4,3365,3366,3363,3555,3278,,2854
177,1,3365,3388,3363,3555,35522,3423,2854
177,2,3365,3388,3363,3555,35521,3423,2854
177,3,3365,3366,3363,3555,35518,35524,2854
177,4,3365,3366,3363,3555,3278,,2854
178,1,3365,3388,3363,3555,35522,3423,2854
178,2,3365,3388,3363,3555,35521,3423,2854
178,3,3365,3366,3363,3555,35518,35524,2854
178,4,3365,3366,3363,3555,3278,,2854
179,1,3365,3388,3363,3555,35522,3423,2854
179,2,3365,3388,3363,3555,35521,3423,2854
179,3,3365,3366,3363,3555,35518,35524,2854
179,4,3365,3366,3363,3555,3278,,2854
180,1,3365,3388,3363,3555,35522,3423,2854
180,2,3365,3388,3363,3555,29425,3423,2854
180,3,3365,3366,3363,3555,35518,35524,2854
180,4,3365,3366,3363,3555,3278,,2854
181,1,3365,3388,3363,3555,35522,3423,2854
181,2,3365,3388,3363,3555,29425,3423,2854
181,3,3365,3366,3363,3555,35518,35524,2854
181,4,3365,3366,3363,3555,3278,,2854
182,1,3365,3388,3363,3555,35522,3423,2854
182,2,3365,3388,3363,3555,29425,3423,2854
182,3,3365,3366,3363,3555,35518,35524,2854
182,4,3365,3366,3363,3555,3278,,2854
183,1,3365,3388,3363,3555,35522,3423,2854
183,2,3365,3388,3363,3555,29425,3423,2854
183,3,3365,3366,3363,3555,35518,35524,2854
183,4,3365,3366,3363,3555,3278,,2854
184,1,3365,3388,3363,3555,35522,3423,2854
184,2,3365,3388,3363,3555,29425,3423,2854
184,3,3365,3366,3363,3555,35518,35524,2854
184,4,3365,3366,3363,3555,3278,,2854
185,1,3365,3388,3363,3555,35522,3423,2854
185,2,3365,3388,3363,3555,29425,3423,2854
185,3,3365,3366,3363,3555,35518,35524,2854
185,4,3365,3366,3363,3555,3278,,2854
186,1,3365,3388,3363,3555,35522,3423,2854
186,2,3365,3388,3363,3555,29425,3423,2854
186,3,3365,3366,3363,3555,35518,35524,2854
186,4,3365,3366,3363,3555,3278,,2854
187,1,3365,3388,3363,3555,35522,3423,2854
187,2,3365,3388,3363,3555,29425,3423,2854
187,3,3365,3366,3363,3555,35518,35524,2854
187,4,3365,3366,3363,3555,3278,,2854
188,1,3365,3388,3363,3555,35522,3423,2854
188,2,3365,3388,3363,3555,29425,3423,2854
188,3,3365,3366,3363,3555,35518,35524,2854
188,4,3365,3366,3363,3555,3278,,2854
189,1,3365,3388,3363,3555,35522,3423,2854
189,2,3365,3388,3363,3555,29425,3423,2854
189,3,3365,3366,3363,3555,35518,35524,2854
189,4,3365,3366,3363,3555,3278,,2854
190,1,3365,3388,3363,3555,35522,3423,2854
190,2,3365,3388,3363,3555,29425,3423,2854
190,3,3365,3366,3363,3555,35518,35524,2854
190,4,3365,3366,3363,3555,3278,,2854
191,1,3365,3388,3363,3555,35522,3423,2854
191,2,3365,3388,3363,3555,29425,3423,2854
191,3,3365,3366,3363,3555,35518,35524,2854
191,4,3365,3366,3363,3555,3278,,2854
192,1,3365,3388,3363,3555,35522,3423,2854
192,2,3365,3388,3363,3555,29425,3423,2854
192,3,3365,3366,3363,3555,35518,35524,2854
192,4,3365,3366,3363,3555,3278,,2854
193,1,3365,3388,3363,3555,35522,3423,2854
193,2,3365,3388,3363,3555,29425,3423,2854
193,3,3365,3366,3363,3555,35518,35524,2854
193,4,3365,3366,3363,3555,3278,,2854
194,1,3365,3388,3363,3555,35522,3423,2854
194,2,3365,3388,3363,3555,29425,3423,2854
194,3,3365,3366,3363,3555,35518,35524,2854
194,4,3365,3366,3363,3555,3278,,2854
195,1,3365,3388,3363,3555,35522,3423,2854
195,2,3365,3388,3363,3555,29425,3423,2854
195,3,3365,3366,3363,3555,35518,35524,2854
195,4,3365,3366,3363,3555,3278,,2854
196,1,3365,3388,3363,3555,35522,3423,2854
196,2,3365,3388,3363,3555,29425,3423,2854
196,3,3365,3366,3363,3555,35518,35524,2854
196,4,3365,3366,3363,3555,3278,,2854
197,1,3365,3388,3363,3555,35522,3423,2854
197,2,3365,3388,3363,3555,29425,3423,2854
197,3,3365,3366,3363,3555,35518,35524,2854
197,4,3365,3366,3363,3555,3278,,2854
198,1,3365,3388,3363,3555,35522,3423,2854
198,2,3365,3388,3363,3555,29425,3423,2854
198,3,3365,3366,3363,3555,35518,35524,2854
198,4,3365,3366,3363,3555,3278,,2854
199,1,3365,3388,3363,3555,35522,3423,2854
199,2,3365,3388,3363,3555,29425,3423,2854
199,3,3365,3366,3363,3555,35518,35524,2854
199,4,3365,3366,3363,3555,3278,,2854
200,1,3365,3388,3363,3555,27457,3423,2854
200,2,3365,3388,3363,3555,27458,3423,2854
200,3,3365,22530,3363,3555,35518,35524,2854
200,4,3365,22518,3363,3555,3278,,2854
201,1,3365,3388,3363,3555,27457,3423,2854
201,2,3365,3388,3363,3555,27458,3423,2854
201,3,3365,22530,3363,3555,35518,35524,2854
201,4,3365,22518,3363,3555,3278,,2854
202,1,3365,3388,3363,3555,27457,3423,2854
202,2,3365,3388,3363,3555,27458,3423,2854
202,3,3365,22530,3363,3555,35518,35524,2854
202,4,3365,22518,3363,3555,3278,,2854
203,1,3365,3388,3363,3555,27457,3423,2854
203,2,3365,3388,3363,3555,27458,3423,2854
203,3,3365,22530,3363,3555,35518,35524,2854
203,4,3365,22518,3363,3555,3278,,2854
204,1,3365,3388,3363,3555,27457,3423,2854
204,2,3365,3388,3363,3555,27458,3423,2854
204,3,3365,22530,3363,3555,35518,35524,2854
204,4,3365,22518,3363,3555,3278,,2854
205,1,3365,3388,3363,3555,27457,3423,2854
205,2,3365,3388,3363,3555,27458,3423,2854
205,3,3365,22530,3363,3555,35518,35524,2854
205,4,3365,22518,3363,3555,3278,,2854
206,1,3365,3388,3363,3555,27457,3423,2854
206,2,3365,3388,3363,3555,27458,3423,2854
206,3,3365,22530,3363,3555,35518,35524,2854
206,4,3365,22518,3363,3555,3278,,2854
207,1,3365,3388,3363,3555,27457,3423,2854
207,2,3365,3388,3363,3555,27458,3423,2854
207,3,3365,22530,3363,3555,35518,35524,2854
207,4,3365,22518,3363,3555,3278,,2854
208,1,3365,3388,3363,3555,27457,3423,2854
208,2,3365,3388,3363,3555,27458,3423,2854
208,3,3365,22530,3363,3555,35518,35524,2854
208,4,3365,22518,3363,3555,3278,,2854
209,1,3365,3388,3363,3555,27457,3423,2854
209,2,3365,3388,3363,3555,27458,3423,2854
209,3,3365,22530,3363,3555,35518,35524,2854
209,4,3365,22518,3363,3555,3278,,2854
210,1,3365,3388,3363,3555,27457,3423,2854
210,2,3365,3388,3363,3555,27458,3423,2854
210,3,3365,22530,3363,3555,35518,35524,2854
210,4,3365,22518,3363,3555,3278,,2854
211,1,3365,3388,3363,3555,27457,3423,2854
211,2,3365,3388,3363,3555,27458,3423,2854
211,3,3365,22530,3363,3555,35518,35524,2854
211,4,3365,22518,3363,3555,3278,,2854
212,1,3365,3388,3363,3555,27457,3423,2854
212,2,3365,3388,3363,3555,27458,3423,2854
212,3,3365,22530,3363,3555,35518,35524,2854
212,4,3365,22518,3363,3555,3278,,2854
213,1,3365,3388,3363,3555,27457,3423,2854
213,2,3365,3388,3363,3555,27458,3423,2854
213,3,3365,22530,3363,3555,35518,35524,2854
213,4,3365,22518,3363,3555,3278,,2854
214,1,3365,3388,3363,3555,27457,3423,2854
214,2,3365,3388,3363,3555,27458,3423,2854
214,3,3365,22530,3363,3555,35518,35524,2854
214,4,3365,22518,3363,3555,3278,,2854
215,1,3365,3388,3363,3555,27457,3423,2854
215,2,3365,3388,3363,3555,27458,3423,2854
215,3,3365,22530,3363,3555,35518,35524,2854
215,4,3365,22518,3363,3555,3278,,2854
216,1,3365,3388,3363,3555,27457,3423,2854
216,2,3365,3388,3363,3555,27458,3423,2854
216,3,3365,22530,3363,3555,35518,35524,2854
216,4,3365,22518,3363,3555,3278,,2854
217,1,3365,3388,3363,3555,27457,3423,2854
217,2,3365,3388,3363,3555,27458,3423,2854
217,3,3365,22530,3363,3555,35518,35524,2854
217,4,3365,22518,3363,3555,3278,,2854
218,1,3365,3388,3363,3555,27457,3423,2854
218,2,3365,3388,3363,3555,27458,3423,2854
218,3,3365,22530,3363,3555,35518,35524,2854
218,4,3365,22518,3363,3555,3278,,2854
219,1,3365,3388,3363,3555,27457,3423,2854
219,2,3365,3388,3363,3555,27458,3423,2854
219,3,3365,22530,3363,3555,35518,35524,2854
219,4,3365,22518,3363,3555,3278,,2854
220,1,3365,3388,3363,3555,27457,3423,2854
220,2,3365,3388,3363,3555,27458,3423,2854
220,3,3365,22530,3363,3555,35518,35524,2854
220,4,3365,22518,3363,3555,3278,,2854
221,1,3365,3388,3363,3555,27457,3423,2854
221,2,3365,3388,3363,3555,27458,3423,2854
221,3,3365,22530,3363,3555,35518,35524,2854
221,4,3365,22518,3363,3555,3278,,2854
222,1,3365,3388,3363,3555,27457,3423,2854
222,2,3365,3388,3363,3555,27458,3423,2854
222,3,3365,22530,3363,3555,35518,35524,2854
222,4,3365,22518,3363,3555,3278,,2854
223,1,3365,3388,3363,3555,27457,3423,2854
223,2,3365,3388,3363,3555,27458,3423,2854
223,3,3365,22530,3363,3555,35518,35524,2854
223,4,3365,22518,3363,3555,3278,,2854
224,1,3365,3388,3363,3555,27457,3423,2854
224,2,3365,3388,3363,3555,27458,3423,2854
224,3,3365,22530,3363,3555,35518,35524,2854
224,4,3365,22518,3363,3555,3278,,2854
225,1,3365,3388,3363,3555,27457,3423,2854
225,2,3365,3388,3363,3555,27458,3423,2854
225,3,3365,22530,3363,3555,35518,35524,2854
225,4,3365,22518,3363,3555,3278,,2854
226,1,3365,3388,3363,3555,27457,3423,2854
226,2,3365,3388,3363,3555,27458,3423,2854
226,3,3365,22530,3363,3555,35518,35524,2854
226,4,3365,22518,3363,3555,3278,,2854
227,1,3365,3388,3363,3555,27457,3423,2854
227,2,3365,3388,3363,3555,27458,3423,2854
227,3,3365,22530,3363,3555,35518,35524,2854
227,4,3365,22518,3363,3555,3278,,2854
228,1,3365,3388,3363,3555,27457,3423,2854
228,2,3365,3388,3363,3555,27458,3423,2854
228,3,3365,22530,3363,3555,35518,35524,2854
228,4,3365,22518,3363,3555,3278,,2854
229,1,3365,3388,3363,3555,27457,3423,2854
229,2,3365,3388,3363,3555,27458,3423,2854
229,3,3365,22530,3363,3555,35518,35524,2854
229,4,3365,22518,3363,3555,3278,,2854
230,1,3365,3388,3363,3555,27457,3423,2854
230,2,3365,3388,3363,3555,28826,3423,2854
230,3,3365,22530,3363,3555,35518,35524,2854
230,4,3365,22518,3363,3555,3278,,2854
231,1,3365,3388,3363,3555,27457,3423,2854
231,2,3365,3388,3363,3555,28826,3423,2854
231,3,3365,22530,3363,3555,35518,35524,2854
231,4,3365,22518,3363,3555,3278,,2854
232,1,3365,3388,3363,3555,27457,3423,2854
232,2,3365,3388,3363,3555,28826,3423,2854
232,3,3365,22530,3363,3555,35518,35524,2854
232,4,3365,22518,3363,3555,3278,,2854
233,1,3365,3388,3363,3555,27457,3423,2854
233,2,3365,3388,3363,3555,28826,3423,2854
233,3,3365,22530,3363,3555,35518,35524,2854
233,4,3365,22518,3363,3555,3278,,2854
234,1,3365,3388,3363,3555,27457,3423,2854
234,2,3365,3388,3363,3555,28826,3423,2854
234,3,3365,22530,3363,3555,35518,35524,2854
234,4,3365,22518,3363,3555,3278,,2854
235,1,3365,3388,3363,3555,27457,3423,2854
235,2,3365,3388,3363,3555,28826,3423,2854
235,3,3365,22530,3363,3555,35518,35524,2854
235,4,3365,22518,3363,3555,3278,,2854
236,1,3365,3388,3363,3555,27457,3423,2854
236,2,3365,3388,3363,3555,28826,3423,2854
236,3,3365,22530,3363,3555,35518,35524,2854
236,4,3365,22518,3363,3555,3278,,2854
237,1,3365,3388,3363,3555,27457,3423,2854
237,2,3365,3388,3363,3555,28826,3423,2854
237,3,3365,22530,3363,3555,35518,35524,2854
237,4,3365,22518,3363,3555,3278,,2854
238,1,3365,3388,3363,3555,27457,3423,2854
238,2,3365,3388,3363,3555,28826,3423,2854
238,3,3365,22530,3363,3555,35518,35524,2854
238,4,3365,22518,3363,3555,3278,,2854
239,1,3365,3388,3363,3555,27457,3423,2854
239,2,3365,3388,3363,3555,28826,3423,2854
239,3,3365,22530,3363,3555,35518,35524,2854
239,4,3365,22518,3363,3555,3278,,2854
240,1,3365,3388,3363,3555,27457,3423,2854
240,2,3365,3388,3363,3555,28826,3423,2854
240,3,3365,22530,3363,3555,35518,35524,2854
240,4,3365,22518,3363,3555,3278,,2854
241,1,3365,3388,3363,3555,27457,3423,2854
241,2,3365,3388,3363,3555,28826,3423,2854
241,3,3365,22530,3363,3555,35518,35524,2854
241,4,3365,22518,3363,3555,3278,,2854
242,1,3365,3388,3363,3555,27457,3423,2854
242,2,3365,3388,3363,3555,28826,3423,2854
242,3,3365,22530,3363,3555,35518,35524,2854
242,4,3365,22518,3363,3555,3278,,2854
243,1,3365,3388,3363,3555,27457,3423,2854
243,2,3365,3388,3363,3555,28826,3423,2854
243,3,3365,22530,3363,3555,35518,35524,2854
243,4,3365,22518,3363,3555,3278,,2854
244,1,3365,3388,3363,3555,27457,3423,2854
244,2,3365,3388,3363,3555,28826,3423,2854
244,3,3365,22530,3363,3555,35518,35524,2854
244,4,3365,22518,3363,3555,3278,,2854
245,1,3365,3388,3363,3555,27457,3423,2854
245,2,3365,3388,3363,3555,28826,3423,2854
245,3,3365,22530,3363,3555,35518,35524,2854
245,4,3365,22518,3363,3555,3278,,2854
246,1,3365,3388,3363,3555,27457,3423,2854
246,2,3365,3388,3363,3555,28826,3423,2854
246,3,3365,22530,3363,3555,35518,35524,2854
246,4,3365,22518,3363,3555,3278,,2854
247,1,3365,3388,3363,3555,27457,3423,2854
247,2,3365,3388,3363,3555,28826,3423,2854
247,3,3365,22530,3363,3555,35518,35524,2854
247,4,3365,22518,3363,3555,3278,,2854
248,1,3365,3388,3363,3555,27457,3423,2854
248,2,3365,3388,3363,3555,28826,3423,2854
248,3,3365,22530,3363,3555,35518,35524,2854
248,4,3365,22518,3363,3555,3278,,2854
249,1,3365,3388,3363,3555,27457,3423,2854
249,2,3365,3388,3363,3555,28826,3423,2854
249,3,3365,22530,3363,3555,35518,35524,2854
249,4,3365,22518,3363,3555,3278,,2854
250,1,3365,3388,3363,3555,39162,3423,2854
250,2,3365,3388,3363,3555,28826,3423,2854
250,3,3365,22530,3363,3555,35518,35524,2854
250,4,3365,22518,3363,3555,3278,,2854
251,1,3365,3388,3363,3555,39162,3423,2854
251,2,3365,3388,3363,3555,28826,3423,2854
251,3,3365,22530,3363,3555,35518,35524,2854
251,4,3365,22518,3363,3555,3278,,2854
252,1,3365,3388,3363,3555,39162,3423,2854
252,2,3365,3388,3363,3555,28826,3423,2854
252,3,3365,22530,3363,3555,35518,35524,2854
252,4,3365,22518,3363,3555,3278,,2854
253,1,3365,3388,3363,3555,39162,3423,2854
253,2,3365,3388,3363,3555,28826,3423,2854
253,3,3365,22530,3363,3555,35518,35524,2854
253,4,3365,22518,3363,3555,3278,,2854
254,1,3365,3388,3363,3555,39162,3423,2854
254,2,3365,3388,3363,3555,28826,3423,2854
254,3,3365,22530,3363,3555,35518,35524,2854
254,4,3365,22518,3363,3555,3278,,2854
255,1,3365,3388,3363,3555,39162,3423,2854
255,2,3365,3388,3363,3555,28826,3423,2854
255,3,3365,22530,3363,3555,35518,35524,2854
255,4,3365,22518,3363,3555,3278,,2854
256,1,3365,3388,3363,3555,39162,3423,2854
256,2,3365,3388,3363,3555,28826,3423,2854
256,3,3365,22530,3363,3555,35518,35524,2854
256,4,3365,22518,3363,3555,3278,,2854
257,1,3365,3388,3363,3555,39162,3423,2854
257,2,3365,3388,3363,3555,28826,3423,2854
257,3,3365,22530,3363,3555,35518,35524,2854
257,4,3365,22518,3363,3555,3278,,2854
258,1,3365,3388,3363,3555,39162,3423,2854
258,2,3365,3388,3363,3555,28826,3423,2854
258,3,3365,22530,3363,3555,35518,35524,2854
258,4,3365,22518,3363,3555,3278,,2854
259,1,3365,3388,3363,3555,39162,3423,2854
259,2,3365,3388,3363,3555,28826,3423,2854
259,3,3365,22530,3363,3555,35518,35524,2854
259,4,3365,22518,3363,3555,3278,,2854
260,1,3365,3388,3363,3555,39162,3423,2854
260,2,3365,3388,3363,3555,28826,3423,2854
260,3,3365,22530,3363,3555,35518,35524,2854
260,4,3365,22518,3363,3555,3278,,2854
261,1,3365,3388,3363,3555,39162,3423,2854
261,2,3365,3388,3363,3555,28826,3423,2854
261,3,3365,22530,3363,3555,35518,35524,2854
261,4,3365,22518,3363,3555,3278,,2854
262,1,3365,3388,3363,3555,39162,3423,2854
262,2,3365,3388,3363,3555,28826,3423,2854
262,3,3365,22530,3363,3555,35518,35524,2854
262,4,3365,22518,3363,3555,3278,,2854
263,1,3365,3388,3363,3555,39162,3423,2854
263,2,3365,3388,3363,3555,28826,3423,2854
263,3,3365,22530,3363,3555,35518,35524,2854
263,4,3365,22518,3363,3555,3278,,2854
264,1,3365,3388,3363,3555,39162,3423,2854
264,2,3365,3388,3363,3555,28826,3423,2854
264,3,3365,22530,3363,3555,35518,35524,2854
264,4,3365,22518,3363,3555,3278,,2854
265,1,3365,3388,3363,3555,39162,3423,2854
265,2,3365,3388,3363,3555,28826,3423,2854
265,3,3365,22530,3363,3555,35518,35524,2854
265,4,3365,22518,3363,3555,3278,,2854
266,1,3365,3388,3363,3555,39162,3423,2854
266,2,3365,3388,3363,3555,28826,3423,2854
266,3,3365,22530,3363,3555,35518,35524,2854
266,4,3365,22518,3363,3555,3278,,2854
267,1,3365,3388,3363,3555,39162,3423,2854
267,2,3365,3388,3363,3555,28826,3423,2854
267,3,3365,22530,3363,3555,35518,35524,2854
267,4,3365,22518,3363,3555,3278,,2854
268,1,3365,3388,3363,3555,39162,3423,2854
268,2,3365,3388,3363,3555,28826,3423,2854
268,3,3365,22530,3363,3555,35518,35524,2854
268,4,3365,22518,3363,3555,3278,,2854
269,1,3365,3388,3363,3555,39162,3423,2854
269,2,3365,3388,3363,3555,28826,3423,2854
269,3,3365,22530,3363,3555,35518,35524,2854
269,4,3365,22518,3363,3555,3278,,2854
270,1,3365,3388,3363,3555,39162,3423,2854
270,2,3365,3388,3363,3555,28826,3423,2854
270,3,3365,22530,3363,3555,35518,35524,2854
270,4,3365,22518,3363,3555,36661,,2854
271,1,3365,3388,3363,3555,39162,3423,2854
271,2,3365,3388,3363,3555,28826,3423,2854
271,3,3365,22530,3363,3555,35518,35524,2854
271,4,3365,22518,3363,3555,36661,,2854
272,1,3365,3388,3363,3555,39162,3423,2854
272,2,3365,3388,3363,3555,28826,3423,2854
272,3,3365,22530,3363,3555,35518,35524,2854
272,4,3365,22518,3363,3555,36661,,2854
273,1,3365,3388,3363,3555,39162,3423,2854
273,2,3365,3388,3363,3555,28826,3423,2854
273,3,3365,22530,3363,3555,35518,35524,2854
273,4,3365,22518,3363,3555,36661,,2854
274,1,3365,3388,3363,3555,39162,3423,2854
274,2,3365,3388,3363,3555,28826,3423,2854
274,3,3365,22530,3363,3555,35518,35524,2854
274,4,3365,22518,3363,3555,36661,,2854
275,1,3365,3388,3363,3555,39162,3423,2854
275,2,3365,3388,3363,3555,28826,3423,2854
275,3,3365,22530,3363,3555,35518,35524,2854
275,4,3365,22518,3363,3555,36661,,2854
276,1,3365,3388,3363,3555,39162,3423,2854
276,2,3365,3388,3363,3555,28826,3423,2854
276,3,3365,22530,3363,3555,35518,35524,2854
276,4,3365,22518,3363,3555,36661,,2854
277,1,3365,3388,3363,3555,39162,3423,2854
277,2,3365,3388,3363,3555,28826,3423,2854
277,3,3365,22530,3363,3555,35518,35524,2854
277,4,3365,22518,3363,3555,36661,,2854
278,1,3365,3388,3363,3555,39162,3423,2854
278,2,3365,3388,3363,3555,28826,3423,2854
278,3,3365,22530,3363,3555,35518,35524,2854
278,4,3365,22518,3363,3555,36661,,2854
279,1,3365,3388,3363,3555,39162,3423,2854
279,2,3365,3388,3363,3555,28826,3423,2854
279,3,3365,22530,3363,3555,35518,35524,2854
279,4,3365,22518,3363,3555,36661,,2854
280,1,3365,3388,3363,3555,39162,3423,2854
280,2,3365,3388,3363,3555,28826,3423,2854
280,3,3365,22530,3363,3555,35518,35524,2854
280,4,3365,22518,3363,3555,36661,,2854
281,1,3365,3388,3363,3555,39162,3423,2854
281,2,3365,3388,3363,3555,28826,3423,2854
281,3,3365,22530,3363,3555,35518,35524,2854
281,4,3365,22518,3363,3555,36661,,2854
282,1,3365,3388,3363,3555,39162,3423,2854
282,2,3365,3388,3363,3555,28826,3423,2854
282,3,3365,22530,3363,3555,35518,35524,2854
282,4,3365,22518,3363,3555,36661,,2854
283,1,3365,3388,3363,3555,39162,3423,2854
283,2,3365,3388,3363,3555,28826,3423,2854
283,3,3365,22530,3363,3555,35518,35524,2854
283,4,3365,22518,3363,3555,36661,,2854
284,1,3365,3388,3363,3555,39162,3423,2854
284,2,3365,3388,3363,3555,28826,3423,2854
284,3,3365,22530,3363,3555,35518,35524,2854
284,4,3365,22518,3363,3555,36661,,2854
285,1,3365,3388,3363,3555,39162,3423,2854
285,2,3365,3388,3363,3555,28826,3423,2854
285,3,3365,22530,3363,3555,35518,35524,2854
285,4,3365,22518,3363,3555,36661,,2854
286,1,3365,3388,3363,3555,39162,3423,2854
286,2,3365,3388,3363,3555,28826,3423,2854
286,3,3365,22530,3363,3555,35518,35524,2854
286,4,3365,22518,3363,3555,36661,,2854
287,1,3365,3388,3363,3555,39162,3423,2854
287,2,3365,3388,3363,3555,28826,3423,2854
287,3,3365,22530,3363,3555,35518,35524,2854
287,4,3365,22518,3363,3555,36661,,2854
288,1,3365,3388,3363,3555,39162,3423,2854
288,2,3365,3388,3363,3555,28826,3423,2854
288,3,3365,22530,3363,3555,35518,35524,2854
288,4,3365,22518,3363,3555,36661,,2854
289,1,3365,3388,3363,3555,39162,3423,2854
289,2,3365,3388,3363,3555,28826,3423,2854
289,3,3365,22530,3363,3555,35518,35524,2854
289,4,3365,22518,3363,3555,36661,,2854
290,1,3365,3388,3363,3555,39162,3423,2854
290,2,3365,3388,3363,3555,28826,3423,2854
290,3,3365,22530,3363,3555,35518,35524,2854
290,4,3365,22518,3363,3555,36661,,2854
291,1,3365,3388,3363,3555,39162,3423,2854
291,2,3365,3388,3363,3555,28826,3423,2854
291,3,3365,22530,3363,3555,35518,35524,2854
291,4,3365,22518,3363,3555,36661,,2854
292,1,3365,3388,3363,3555,39162,3423,2854
292,2,3365,3388,3363,3555,28826,3423,2854
292,3,3365,22530,3363,3555,35518,35524,2854
292,4,3365,22518,3363,3555,36661,,2854
293,1,3365,3388,3363,3555,39162,3423,2854
293,2,3365,3388,3363,3555,28826,3423,2854
293,3,3365,22530,3363,3555,35518,35524,2854
293,4,3365,22518,3363,3555,36661,,2854
294,1,3365,3388,3363,3555,39162,3423,2854
294,2,3365,3388,3363,3555,28826,3423,2854
294,3,3365,22530,3363,3555,35518,35524,2854
294,4,3365,22518,3363,3555,36661,,2854
295,1,3365,3388,3363,3555,39162,3423,2854
295,2,3365,3388,3363,3555,28826,3423,2854
295,3,3365,22530,3363,3555,35518,35524,2854
295,4,3365,22518,3363,3555,36661,,2854
296,1,3365,3388,3363,3555,39162,3423,2854
296,2,3365,3388,3363,3555,28826,3423,2854
296,3,3365,22530,3363,3555,35518,35524,2854
296,4,3365,22518,3363,3555,36661,,2854
297,1,3365,3388,3363,3555,39162,3423,2854
297,2,3365,3388,3363,3555,28826,3423,2854
297,3,3365,22530,3363,3555,35518,35524,2854
297,4,3365,22518,3363,3555,36661,,2854
298,1,3365,3388,3363,3555,39162,3423,2854
298,2,3365,3388,3363,3555,28826,3423,2854
298,3,3365,22530,3363,3555,35518,35524,2854
298,4,3365,22518,3363,3555,36661,,2854
299,1,3365,3388,3363,3555,39162,3423,2854
299,2,3365,3388,3363,3555,28826,3423,2854
299,3,3365,22530,3363,3555,35518,35524,2854
299,4,3365,22518,3363,3555,36661,,2854
300,1,3365,3388,3363,3555,39162,3423,2854
300,2,3365,3388,3363,3555,28826,3423,2854
300,3,3365,22530,3363,3555,35518,35524,2854
300,4,3365,22518,3363,3555,28723,,2854
301,1,3365,3388,3363,3555,39162,3423,2854
301,2,3365,3388,3363,3555,28826,3423,2854
301,3,3365,22530,3363,3555,35518,35524,2854
301,4,3365,22518,3363,3555,28723,,2854
302,1,3365,3388,3363,3555,39162,3423,2854
302,2,3365,3388,3363,3555,28826,3423,2854
302,3,3365,22530,3363,3555,35518,35524,2854
302,4,3365,22518,3363,3555,28723,,2854
303,1,3365,3388,3363,3555,39162,3423,2854
303,2,3365,3388,3363,3555,28826,3423,2854
303,3,3365,22530,3363,3555,35518,35524,2854
303,4,3365,22518,3363,3555,28723,,2854
304,1,3365,3388,3363,3555,39162,3423,2854
304,2,3365,3388,3363,3555,28826,3423,2854
304,3,3365,22530,3363,3555,35518,35524,2854
304,4,3365,22518,3363,3555,28723,,2854
305,1,3365,3388,3363,3555,39162,3423,2854
305,2,3365,3388,3363,3555,28826,3423,2854
305,3,3365,22530,3363,3555,35518,35524,2854
305,4,3365,22518,3363,3555,28723,,2854
306,1,3365,3388,3363,3555,39162,3423,2854
306,2,3365,3388,3363,3555,28826,3423,2854
306,3,3365,22530,3363,3555,35518,35524,2854
306,4,3365,22518,3363,3555,28723,,2854
307,1,3365,3388,3363,3555,39162,3423,2854
307,2,3365,3388,3363,3555,28826,3423,2854
307,3,3365,22530,3363,3555,35518,35524,2854
307,4,3365,22518,3363,3555,28723,,2854
308,1,3365,3388,3363,3555,39162,3423,2854
308,2,3365,3388,3363,3555,28826,3423,2854
308,3,3365,22530,3363,3555,35518,35524,2854
308,4,3365,22518,3363,3555,28723,,2854
309,1,3365,3388,3363,3555,39162,3423,2854
309,2,3365,3388,3363,3555,28826,3423,2854
309,3,3365,22530,3363,3555,35518,35524,2854
309,4,3365,22518,3363,3555,28723,,2854
310,1,3365,3388,3363,3555,39162,3423,2854
310,2,3365,3388,3363,3555,28826,3423,2854
310,3,3365,22530,3363,3555,35518,35524,2854
310,4,3365,22518,3363,3555,28723,,2854
311,1,3365,3388,3363,3555,39162,3423,2854
311,2,3365,3388,3363,3555,28826,3423,2854
311,3,3365,22530,3363,3555,35518,35524,2854
311,4,3365,22518,3363,3555,28723,,2854
312,1,3365,3388,3363,3555,39162,3423,2854
312,2,3365,3388,3363,3555,28826,3423,2854
312,3,3365,22530,3363,3555,35518,35524,2854
312,4,3365,22518,3363,3555,28723,,2854
313,1,3365,3388,3363,3555,39162,3423,2854
313,2,3365,3388,3363,3555,28826,3423,2854
313,3,3365,22530,3363,3555,35518,35524,2854
313,4,3365,22518,3363,3555,28723,,2854
314,1,3365,3388,3363,3555,39162,3423,2854
314,2,3365,3388,3363,3555,28826,3423,2854
314,3,3365,22530,3363,3555,35518,35524,2854
314,4,3365,22518,3363,3555,28723,,2854
315,1,3365,3388,3363,3555,39162,3423,2854
315,2,3365,3388,3363,3555,28826,3423,2854
315,3,3365,22530,3363,3555,35518,35524,2854
315,4,3365,22518,3363,3555,28723,,2854
316,1,3365,3388,3363,3555,39162,3423,2854
316,2,3365,3388,3363,3555,28826,3423,2854
316,3,3365,22530,3363,3555,35518,35524,2854
316,4,3365,22518,3363,3555,28723,,2854
317,1,3365,3388,3363,3555,39162,3423,2854
317,2,3365,3388,3363,3555,28826,3423,2854
317,3,3365,22530,3363,3555,35518,35524,2854
317,4,3365,22518,3363,3555,28723,,2854
318,1,3365,3388,3363,3555,39162,3423,2854
318,2,3365,3388,3363,3555,28826,3423,2854
318,3,3365,22530,3363,3555,35518,35524,2854
318,4,3365,22518,3363,3555,28723,,2854
319,1,3365,3388,3363,3555,39162,3423,2854
319,2,3365,3388,3363,3555,28826,3423,2854
319,3,3365,22530,3363,3555,35518,35524,2854
319,4,3365,22518,3363,3555,28723,,2854
320,1,3365,3388,3363,3555,39162,3423,2854
320,2,3365,3388,3363,3555,28826,3423,2854
320,3,3365,22530,3363,3555,35518,35524,2854
320,4,3365,22518,3363,3555,28723,,2854
321,1,3365,3388,3363,3555,39162,3423,2854
321,2,3365,3388,3363,3555,28826,3423,2854
321,3,3365,22530,3363,3555,35518,35524,2854
321,4,3365,22518,3363,3555,28723,,2854
322,1,3365,3388,3363,3555,39162,3423,2854
322,2,3365,3388,3363,3555,28826,3423,2854
322,3,3365,22530,3363,3555,35518,35524,2854
322,4,3365,22518,3363,3555,28723,,2854
323,1,3365,3388,3363,3555,39162,3423,2854
323,2,3365,3388,3363,3555,28826,3423,2854
323,3,3365,22530,3363,3555,35518,35524,2854
323,4,3365,22518,3363,3555,28723,,2854
324,1,3365,3388,3363,3555,39162,3423,2854
324,2,3365,3388,3363,3555,28826,3423,2854
324,3,3365,22530,3363,3555,35518,35524,2854
324,4,3365,22518,3363,3555,28723,,2854
325,1,3365,3388,3363,3555,39162,3423,2854
325,2,3365,3388,3363,3555,28826,3423,2854
325,3,3365,22530,3363,3555,35518,35524,2854
325,4,3365,22518,3363,3555,28723,,2854
326,1,3365,3388,3363,3555,39162,3423,2854
326,2,3365,3388,3363,3555,28826,3423,2854
326,3,3365,22530,3363,3555,35518,35524,2854
326,4,3365,22518,3363,3555,28723,,2854
327,1,3365,3388,3363,3555,39162,3423,2854
327,2,3365,3388,3363,3555,28826,3423,2854
327,3,3365,22530,3363,3555,35518,35524,2854
327,4,3365,22518,3363,3555,28723,,2854
328,1,3365,3388,3363,3555,39162,3423,2854
328,2,3365,3388,3363,3555,28826,3423,2854
328,3,3365,22530,3363,3555,35518,35524,2854
328,4,3365,22518,3363,3555,28723,,2854
329,1,3365,3388,3363,3555,39162,3423,2854
329,2,3365,3388,3363,3555,28826,3423,2854
329,3,3365,22530,3363,3555,35518,35524,2854
329,4,3365,22518,3363,3555,28723,,2854
330,1,3365,3388,3363,3555,39162,3423,2854
330,2,3365,3388,3363,3555,28826,3423,2854
330,3,3365,22530,3363,3555,35518,35524,2854
330,4,3365,22518,3363,3555,28723,,2854
331,1,3365,3388,3363,3555,39162,3423,2854
331,2,3365,3388,3363,3555,28826,3423,2854
331,3,3365,22530,3363,3555,35518,35524,2854
331,4,3365,22518,3363,3555,28723,,2854
332,1,3365,3388,3363,3555,39162,3423,2854
332,2,3365,3388,3363,3555,28826,3423,2854
332,3,3365,22530,3363,3555,35518,35524,2854
332,4,3365,22518,3363,3555,28723,,2854
333,1,3365,3388,3363,3555,39162,3423,2854
333,2,3365,3388,3363,3555,28826,3423,2854
333,3,3365,22530,3363,3555,35518,35524,2854
333,4,3365,22518,3363,3555,28723,,2854
334,1,3365,3388,3363,3555,39162,3423,2854
334,2,3365,3388,3363,3555,28826,3423,2854
334,3,3365,22530,3363,3555,35518,35524,2854
334,4,3365,22518,3363,3555,28723,,2854
335,1,3365,3388,3363,3555,39162,3423,2854
335,2,3365,3388,3363,3555,28826,3423,2854
335,3,3365,22530,3363,3555,35518,35524,2854
335,4,3365,22518,3363,3555,28723,,2854
336,1,3365,3388,3363,3555,39162,3423,2854
336,2,3365,3388,3363,3555,28826,3423,2854
336,3,3365,22530,3363,3555,35518,35524,2854
336,4,3365,22518,3363,3555,28723,,2854
337,1,3365,3388,3363,3555,39162,3423,2854
337,2,3365,3388,3363,3555,28826,3423,2854
337,3,3365,22530,3363,3555,35518,35524,2854
337,4,3365,22518,3363,3555,28723,,2854
338,1,3365,3388,3363,3555,39162,3423,2854
338,2,3365,3388,3363,3555,28826,3423,2854
338,3,3365,22530,3363,3555,35518,35524,2854
338,4,3365,22518,3363,3555,28723,,2854
339,1,3365,3388,3363,3555,39162,3423,2854
339,2,3365,3388,3363,3555,28826,3423,2854
339,3,3365,22530,3363,3555,35518,35524,2854
339,4,3365,22518,3363,3555,28723,,2854
340,1,3365,3388,3363,3555,39162,3423,2854
340,2,3365,3388,3363,3555,28826,3423,2854
340,3,3365,22530,3363,3555,35518,35524,2854
340,4,3365,22518,3363,3555,28723,,2854
341,1,3365,3388,3363,3555,39162,3423,2854
341,2,3365,3388,3363,3555,28826,3423,2854
341,3,3365,22530,3363,3555,35518,35524,2854
341,4,3365,22518,3363,3555,28723,,2854
342,1,3365,3388,3363,3555,39162,3423,2854
342,2,3365,3388,3363,3555,28826,3423,2854
342,3,3365,22530,3363,3555,35518,35524,2854
342,4,3365,22518,3363,3555,28723,,2854
343,1,3365,3388,3363,3555,39162,3423,2854
343,2,3365,3388,3363,3555,28826,3423,2854
343,3,3365,22530,3363,3555,35518,35524,2854
343,4,3365,22518,3363,3555,28723,,2854
344,1,3365,3388,3363,3555,39162,3423,2854
344,2,3365,3388,3363,3555,28826,3423,2854
344,3,3365,22530,3363,3555,35518,35524,2854
344,4,3365,22518,3363,3555,28723,,2854
345,1,3365,3388,3363,3555,39162,3423,2854
345,2,3365,3388,3363,3555,28826,3423,2854
345,3,3365,22530,3363,3555,35518,35524,2854
345,4,3365,22518,3363,3555,28723,,2854
346,1,3365,3388,3363,3555,39162,3423,2854
346,2,3365,3388,3363,3555,28826,3423,2854
346,3,3365,22530,3363,3555,35518,35524,2854
346,4,3365,22518,3363,3555,28723,,2854
347,1,3365,3388,3363,3555,39162,3423,2854
347,2,3365,3388,3363,3555,28826,3423,2854
347,3,3365,22530,3363,3555,35518,35524,2854
347,4,3365,22518,3363,3555,28723,,2854
348,1,3365,3388,3363,3555,39162,3423,2854
348,2,3365,3388,3363,3555,28826,3423,2854
348,3,3365,22530,3363,3555,35518,35524,2854
348,4,3365,22518,3363,3555,28723,,2854
349,1,3365,3388,3363,3555,39162,3423,2854
349,2,3365,3388,3363,3555,28826,3423,2854
349,3,3365,22530,3363,3555,35518,35524,2854
349,4,3365,22518,3363,3555,28723,,2854
350,1,3365,3388,3363,3555,39162,3423,2854
350,2,3365,3388,3363,3555,28826,3423,2854
350,3,3365,22530,3363,3555,35518,35524,2854
350,4,3365,22518,3363,3555,28723,,2854
351,1,3365,3388,3363,3555,39162,3423,2854
351,2,3365,3388,3363,3555,28826,3423,2854
351,3,3365,22530,3363,3555,35518,35524,2854
351,4,3365,22518,3363,3555,28723,,2854
352,1,3365,3388,3363,3555,39162,3423,2854
352,2,3365,3388,3363,3555,28826,3423,2854
352,3,3365,22530,3363,3555,35518,35524,2854
352,4,3365,22518,3363,3555,28723,,2854
353,1,3365,3388,3363,3555,39162,3423,2854
353,2,3365,3388,3363,3555,28826,3423,2854
353,3,3365,22530,3363,3555,35518,35524,2854
353,4,3365,22518,3363,3555,28723,,2854
354,1,3365,3388,3363,3555,39162,3423,2854
354,2,3365,3388,3363,3555,28826,3423,2854
354,3,3365,22530,3363,3555,35518,35524,2854
354,4,3365,22518,3363,3555,28723,,2854
355,1,3365,3388,3363,3555,39162,3423,2854
355,2,3365,3388,3363,3555,28826,3423,2854
355,3,3365,22530,3363,3555,35518,35524,2854
355,4,3365,22518,3363,3555,28723,,2854
356,1,3365,3388,3363,3555,39162,3423,2854
356,2,3365,3388,3363,3555,28826,3423,2854
356,3,3365,22530,3363,3555,35518,35524,2854
356,4,3365,22518,3363,3555,28723,,2854
357,1,3365,3388,3363,3555,39162,3423,2854
357,2,3365,3388,3363,3555,28826,3423,2854
357,3,3365,22530,3363,3555,35518,35524,2854
357,4,3365,22518,3363,3555,28723,,2854
358,1,3365,3388,3363,3555,39162,3423,2854
358,2,3365,3388,3363,3555,28826,3423,2854
358,3,3365,22530,3363,3555,35518,35524,2854
358,4,3365,22518,3363,3555,28723,,2854
359,1,3365,3388,3363,3555,39162,3423,2854
359,2,3365,3388,3363,3555,28826,3423,2854
359,3,3365,22530,3363,3555,35518,35524,2854
359,4,3365,22518,3363,3555,28723,,2854
360,1,3365,3388,3363,3555,39162,3423,2854
360,2,3365,3388,3363,3555,28826,3423,2854
360,3,3365,22530,3363,3555,35518,35524,2854
360,4,3365,22518,3363,3555,28723,,2854
361,1,3365,3388,3363,3555,39162,3423,2854
361,2,3365,3388,3363,3555,28826,3423,2854
361,3,3365,22530,3363,3555,35518,35524,2854
361,4,3365,22518,3363,3555,28723,,2854
362,1,3365,3388,3363,3555,39162,3423,2854
362,2,3365,3388,3363,3555,28826,3423,2854
362,3,3365,22530,3363,3555,35518,35524,2854
362,4,3365,22518,3363,3555,28723,,2854
363,1,3365,3388,3363,3555,39162,3423,2854
363,2,3365,3388,3363,3555,28826,3423,2854
363,3,3365,22530,3363,3555,35518,35524,2854
363,4,3365,22518,3363,3555,28723,,2854
364,1,3365,3388,3363,3555,39162,3423,2854
364,2,3365,3388,3363,3555,28826,3423,2854
364,3,3365,22530,3363,3555,35518,35524,2854
364,4,3365,22518,3363,3555,28723,,2854
365,1,3365,3388,3363,3555,39162,3423,2854
365,2,3365,3388,3363,3555,28826,3423,2854
365,3,3365,22530,3363,3555,35518,35524,2854
365,4,3365,22518,3363,3555,28723,,2854
366,1,3365,3388,3363,3555,39162,3423,2854
366,2,3365,3388,3363,3555,28826,3423,2854
366,3,3365,22530,3363,3555,35518,35524,2854
366,4,3365,22518,3363,3555,28723,,2854
367,1,3365,3388,3363,3555,39162,3423,2854
367,2,3365,3388,3363,3555,28826,3423,2854
367,3,3365,22530,3363,3555,35518,35524,2854
367,4,3365,22518,3363,3555,28723,,2854
368,1,3365,3388,3363,3555,39162,3423,2854
368,2,3365,3388,3363,3555,28826,3423,2854
368,3,3365,22530,3363,3555,35518,35524,2854
368,4,3365,22518,3363,3555,28723,,2854
369,1,3365,3388,3363,3555,39162,3423,2854
369,2,3365,3388,3363,3555,28826,3423,2854
369,3,3365,22530,3363,3555,35518,35524,2854
369,4,3365,22518,3363,3555,28723,,2854
370,1,3365,3388,3363,3555,39162,3423,2854
370,2,3365,3388,3363,3555,28826,3423,2854
370,3,3365,22530,3363,3555,35518,35524,2854
370,4,3365,22518,3363,3555,28723,,2854
371,1,3365,3388,3363,3555,39162,3423,2854
371,2,3365,3388,3363,3555,28826,3423,2854
371,3,3365,22530,3363,3555,35518,35524,2854
371,4,3365,22518,3363,3555,28723,,2854
372,1,3365,3388,3363,3555,39162,3423,2854
372,2,3365,3388,3363,3555,28826,3423,2854
372,3,3365,22530,3363,3555,35518,35524,2854
372,4,3365,22518,3363,3555,28723,,2854
373,1,3365,3388,3363,3555,39162,3423,2854
373,2,3365,3388,3363,3555,28826,3423,2854
373,3,3365,22530,3363,3555,35518,35524,2854
373,4,3365,22518,3363,3555,28723,,2854
374,1,3365,3388,3363,3555,39162,3423,2854
374,2,3365,3388,3363,3555,28826,3423,2854
374,3,3365,22530,3363,3555,35518,35524,2854
374,4,3365,22518,3363,3555,28723,,2854
375,1,3365,3388,3363,3555,39162,3423,2854
375,2,3365,3388,3363,3555,28826,3423,2854
375,3,3365,22530,3363,3555,35518,35524,2854
375,4,3365,22518,3363,3555,28723,,2854
376,1,3365,3388,3363,3555,39162,3423,2854
376,2,3365,3388,3363,3555,28826,3423,2854
376,3,3365,22530,3363,3555,35518,35524,2854
376,4,3365,22518,3363,3555,28723,,2854
377,1,3365,3388,3363,3555,39162,3423,2854
377,2,3365,3388,3363,3555,28826,3423,2854
377,3,3365,22530,3363,3555,35518,35524,2854
377,4,3365,22518,3363,3555,28723,,2854
378,1,3365,3388,3363,3555,39162,3423,2854
378,2,3365,3388,3363,3555,28826,3423,2854
378,3,3365,22530,3363,3555,35518,35524,2854
378,4,3365,22518,3363,3555,28723,,2854
379,1,3365,3388,3363,3555,39162,3423,2854
379,2,3365,3388,3363,3555,28826,3423,2854
379,3,3365,22530,3363,3555,35518,35524,2854
379,4,3365,22518,3363,3555,28723,,2854
380,1,3365,3388,3363,3555,39162,3423,2854
380,2,3365,3388,3363,3555,28826,3423,2854
380,3,3365,22530,3363,3555,35518,35524,2854
380,4,3365,22518,3363,3555,28723,,2854
381,1,3365,3388,3363,3555,39162,3423,2854
381,2,3365,3388,3363,3555,28826,3423,2854
381,3,3365,22530,3363,3555,35518,35524,2854
381,4,3365,22518,3363,3555,28723,,2854
382,1,3365,3388,3363,3555,39162,3423,2854
382,2,3365,3388,3363,3555,28826,3423,2854
382,3,3365,22530,3363,3555,35518,35524,2854
382,4,3365,22518,3363,3555,28723,,2854
383,1,3365,3388,3363,3555,39162,3423,2854
383,2,3365,3388,3363,3555,28826,3423,2854
383,3,3365,22530,3363,3555,35518,35524,2854
383,4,3365,22518,3363,3555,28723,,2854
384,1,3365,3388,3363,3555,39162,3423,2854
384,2,3365,3388,3363,3555,28826,3423,2854
384,3,3365,22530,3363,3555,35518,35524,2854
384,4,3365,22518,3363,3555,28723,,2854
385,1,3365,3388,3363,3555,39162,3423,2854
385,2,3365,3388,3363,3555,28826,3423,2854
385,3,3365,22530,3363,3555,35518,35524,2854
385,4,3365,22518,3363,3555,28723,,2854
386,1,3365,3388,3363,3555,39162,3423,2854
386,2,3365,3388,3363,3555,28826,3423,2854
386,3,3365,22530,3363,3555,35518,35524,2854
386,4,3365,22518,3363,3555,28723,,2854
387,1,3365,3388,3363,3555,39162,3423,2854
387,2,3365,3388,3363,3555,28826,3423,2854
387,3,3365,22530,3363,3555,35518,35524,2854
387,4,3365,22518,3363,3555,28723,,2854
388,1,3365,3388,3363,3555,39162,3423,2854
388,2,3365,3388,3363,3555,28826,3423,2854
388,3,3365,22530,3363,3555,35518,35524,2854
388,4,3365,22518,3363,3555,28723,,2854
389,1,3365,3388,3363,3555,39162,3423,2854
389,2,3365,3388,3363,3555,28826,3423,2854
389,3,3365,22530,3363,3555,35518,35524,2854
389,4,3365,22518,3363,3555,28723,,2854
390,1,3365,3388,3363,3555,39162,3423,2854
390,2,3365,3388,3363,3555,28826,3423,2854
390,3,3365,22530,3363,3555,35518,35524,2854
390,4,3365,22518,3363,3555,28723,,2854
391,1,3365,3388,3363,3555,39162,3423,2854
391,2,3365,3388,3363,3555,28826,3423,2854
391,3,3365,22530,3363,3555,35518,35524,2854
391,4,3365,22518,3363,3555,28723,,2854
392,1,3365,3388,3363,3555,39162,3423,2854
392,2,3365,3388,3363,3555,28826,3423,2854
392,3,3365,22530,3363,3555,35518,35524,2854
392,4,3365,22518,3363,3555,28723,,2854
393,1,3365,3388,3363,3555,39162,3423,2854
393,2,3365,3388,3363,3555,28826,3423,2854
393,3,3365,22530,3363,3555,35518,35524,2854
393,4,3365,22518,3363,3555,28723,,2854
394,1,3365,3388,3363,3555,39162,3423,2854
394,2,3365,3388,3363,3555,28826,3423,2854
394,3,3365,22530,3363,3555,35518,35524,2854
394,4,3365,22518,3363,3555,28723,,2854
395,1,3365,3388,3363,3555,39162,3423,2854
395,2,3365,3388,3363,3555,28826,3423,2854
395,3,3365,22530,3363,3555,35518,35524,2854
395,4,3365,22518,3363,3555,28723,,2854
396,1,3365,3388,3363,3555,39162,3423,2854
396,2,3365,3388,3363,3555,28826,3423,2854
396,3,3365,22530,3363,3555,35518,35524,2854
396,4,3365,22518,3363,3555,28723,,2854
397,1,3365,3388,3363,3555,39162,3423,2854
397,2,3365,3388,3363,3555,28826,3423,2854
397,3,3365,22530,3363,3555,35518,35524,2854
397,4,3365,22518,3363,3555,28723,,2854
398,1,3365,3388,3363,3555,39162,3423,2854
398,2,3365,3388,3363,3555,28826,3423,2854
398,3,3365,22530,3363,3555,35518,35524,2854
398,4,3365,22518,3363,3555,28723,,2854
399,1,3365,3388,3363,3555,39162,3423,2854
399,2,3365,3388,3363,3555,28826,3423,2854
399,3,3365,22530,3363,3555,35518,35524,2854
399,4,3365,22518,3363,3555,28723,,2854
400,1,3365,34095,3363,3555,34090,3423,2854
400,2,3365,34096,3363,3555,28826,3423,2854
400,3,3365,22530,3363,3555,35518,35524,2854
400,4,3365,39147,3363,3555,28723,,2854
401,1,3365,34095,3363,3555,34090,3423,2854
401,2,3365,34096,3363,3555,28826,3423,2854
401,3,3365,22530,3363,3555,35518,35524,2854
401,4,3365,39147,3363,3555,28723,,2854
402,1,3365,34095,3363,3555,34090,3423,2854
402,2,3365,34096,3363,3555,28826,3423,2854
402,3,3365,22530,3363,3555,35518,35524,2854
402,4,3365,39147,3363,3555,28723,,2854
403,1,3365,34095,3363,3555,34090,3423,2854
403,2,3365,34096,3363,3555,28826,3423,2854
403,3,3365,22530,3363,3555,35518,35524,2854
403,4,3365,39147,3363,3555,28723,,2854
404,1,3365,34095,3363,3555,34090,3423,2854
404,2,3365,34096,3363,3555,28826,3423,2854
404,3,3365,22530,3363,3555,35518,35524,2854
404,4,3365,39147,3363,3555,28723,,2854
405,1,3365,34095,3363,3555,34090,3423,2854
405,2,3365,34096,3363,3555,28826,3423,2854
405,3,3365,22530,3363,3555,35518,35524,2854
405,4,3365,39147,3363,3555,28723,,2854
406,1,3365,34095,3363,3555,34090,3423,2854
406,2,3365,34096,3363,3555,28826,3423,2854
406,3,3365,22530,3363,3555,35518,35524,2854
406,4,3365,39147,3363,3555,28723,,2854
407,1,3365,34095,3363,3555,34090,3423,2854
407,2,3365,34096,3363,3555,28826,3423,2854
407,3,3365,22530,3363,3555,35518,35524,2854
407,4,3365,39147,3363,3555,28723,,2854
408,1,3365,34095,3363,3555,34090,3423,2854
408,2,3365,34096,3363,3555,28826,3423,2854
408,3,3365,22530,3363,3555,35518,35524,2854
408,4,3365,39147,3363,3555,28723,,2854
409,1,3365,34095,3363,3555,34090,3423,2854
409,2,3365,34096,3363,3555,28826,3423,2854
409,3,3365,22530,3363,3555,35518,35524,2854
409,4,3365,39147,3363,3555,28723,,2854
410,1,3365,34095,3363,3555,34090,3423,2854
410,2,3365,34096,3363,3555,28826,3423,2854
410,3,3365,22530,3363,3555,35518,35524,2854
410,4,3365,39147,3363,3555,28723,,2854
411,1,3365,34095,3363,3555,34090,3423,2854
411,2,3365,34096,3363,3555,28826,3423,2854
411,3,3365,22530,3363,3555,35518,35524,2854
411,4,3365,39147,3363,3555,28723,,2854
412,1,3365,34095,3363,3555,34090,3423,2854
412,2,3365,34096,3363,3555,28826,3423,2854
412,3,3365,22530,3363,3555,35518,35524,2854
412,4,3365,39147,3363,3555,28723,,2854
413,1,3365,34095,3363,3555,34090,3423,2854
413,2,3365,34096,3363,3555,28826,3423,2854
413,3,3365,22530,3363,3555,35518,35524,2854
413,4,3365,39147,3363,3555,28723,,2854
414,1,3365,34095,3363,3555,34090,3423,2854
414,2,3365,34096,3363,3555,28826,3423,2854
414,3,3365,22530,3363,3555,35518,35524,2854
414,4,3365,39147,3363,3555,28723,,2854
415,1,3365,34095,3363,3555,34090,3423,2854
415,2,3365,34096,3363,3555,28826,3423,2854
415,3,3365,22530,3363,3555,35518,35524,2854
415,4,3365,39147,3363,3555,28723,,2854
416,1,3365,34095,3363,3555,34090,3423,2854
416,2,3365,34096,3363,3555,28826,3423,2854
416,3,3365,22530,3363,3555,35518,35524,2854
416,4,3365,39147,3363,3555,28723,,2854
417,1,3365,34095,3363,3555,34090,3423,2854
417,2,3365,34096,3363,3555,28826,3423,2854
417,3,3365,22530,3363,3555,35518,35524,2854
417,4,3365,39147,3363,3555,28723,,2854
418,1,3365,34095,3363,3555,34090,3423,2854
418,2,3365,34096,3363,3555,28826,3423,2854
418,3,3365,22530,3363,3555,35518,35524,2854
418,4,3365,39147,3363,3555,28723,,2854
419,1,3365,34095,3363,3555,34090,3423,2854
419,2,3365,34096,3363,3555,28826,3423,2854
419,3,3365,22530,3363,3555,35518,35524,2854
419,4,3365,39147,3363,3555,28723,,2854
420,1,3365,34095,3363,3555,34090,3423,2854
420,2,3365,34096,3363,3555,28826,3423,2854
420,3,3365,22530,3363,3555,35518,35524,2854
420,4,3365,39147,3363,3555,28723,,2854
421,1,3365,34095,3363,3555,34090,3423,2854
421,2,3365,34096,3363,3555,28826,3423,2854
421,3,3365,22530,3363,3555,35518,35524,2854
421,4,3365,39147,3363,3555,28723,,2854
422,1,3365,34095,3363,3555,34090,3423,2854
422,2,3365,34096,3363,3555,28826,3423,2854
422,3,3365,22530,3363,3555,35518,35524,2854
422,4,3365,39147,3363,3555,28723,,2854
423,1,3365,34095,3363,3555,34090,3423,2854
423,2,3365,34096,3363,3555,28826,3423,2854
423,3,3365,22530,3363,3555,35518,35524,2854
423,4,3365,39147,3363,3555,28723,,2854
424,1,3365,34095,3363,3555,34090,3423,2854
424,2,3365,34096,3363,3555,28826,3423,2854
424,3,3365,22530,3363,3555,35518,35524,2854
424,4,3365,39147,3363,3555,28723,,2854
425,1,3365,34095,3363,3555,34090,3423,2854
425,2,3365,34096,3363,3555,28826,3423,2854
425,3,3365,22530,3363,3555,35518,35524,2854
425,4,3365,39147,3363,3555,28723,,2854
426,1,3365,34095,3363,3555,34090,3423,2854
426,2,3365,34096,3363,3555,28826,3423,2854
426,3,3365,22530,3363,3555,35518,35524,2854
426,4,3365,39147,3363,3555,28723,,2854
427,1,3365,34095,3363,3555,34090,3423,2854
427,2,3365,34096,3363,3555,28826,3423,2854
427,3,3365,22530,3363,3555,35518,35524,2854
427,4,3365,39147,3363,3555,28723,,2854
428,1,3365,34095,3363,3555,34090,3423,2854
428,2,3365,34096,3363,3555,28826,3423,2854
428,3,3365,22530,3363,3555,35518,35524,2854
428,4,3365,39147,3363,3555,28723,,2854
429,1,3365,34095,3363,3555,34090,3423,2854
429,2,3365,34096,3363,3555,28826,3423,2854
429,3,3365,22530,3363,3555,35518,35524,2854
429,4,3365,39147,3363,3555,28723,,2854
430,1,3365,34095,3363,3555,34090,3423,2854
430,2,3365,34096,3363,3555,28826,3423,2854
430,3,3365,22530,3363,3555,35518,35524,2854
430,4,3365,39147,3363,3555,28723,,2854
431,1,3365,34095,3363,3555,34090,3423,2854
431,2,3365,34096,3363,3555,28826,3423,2854
431,3,3365,22530,3363,3555,35518,35524,2854
431,4,3365,39147,3363,3555,28723,,2854
432,1,3365,34095,3363,3555,34090,3423,2854
432,2,3365,34096,3363,3555,28826,3423,2854
432,3,3365,22530,3363,3555,35518,35524,2854
432,4,3365,39147,3363,3555,28723,,2854
433,1,3365,34095,3363,3555,34090,3423,2854
433,2,3365,34096,3363,3555,28826,3423,2854
433,3,3365,22530,3363,3555,35518,35524,2854
433,4,3365,39147,3363,3555,28723,,2854
434,1,3365,34095,3363,3555,34090,3423,2854
434,2,3365,34096,3363,3555,28826,3423,2854
434,3,3365,22530,3363,3555,35518,35524,2854
434,4,3365,39147,3363,3555,28723,,2854
435,1,3365,34095,3363,3555,34090,3423,2854
435,2,3365,34096,3363,3555,28826,3423,2854
435,3,3365,22530,3363,3555,35518,35524,2854
435,4,3365,39147,3363,3555,28723,,2854
436,1,3365,34095,3363,3555,34090,3423,2854
436,2,3365,34096,3363,3555,28826,3423,2854
436,3,3365,22530,3363,3555,35518,35524,2854
436,4,3365,39147,3363,3555,28723,,2854
437,1,3365,34095,3363,3555,34090,3423,2854
437,2,3365,34096,3363,3555,28826,3423,2854
437,3,3365,22530,3363,3555,35518,35524,2854
437,4,3365,39147,3363,3555,28723,,2854
438,1,3365,34095,3363,3555,34090,3423,2854
438,2,3365,34096,3363,3555,28826,3423,2854
438,3,3365,22530,3363,3555,35518,35524,2854
438,4,3365,39147,3363,3555,28723,,2854
439,1,3365,34095,3363,3555,34090,3423,2854
439,2,3365,34096,3363,3555,28826,3423,2854
439,3,3365,22530,3363,3555,35518,35524,2854
439,4,3365,39147,3363,3555,28723,,2854
440,1,3365,34095,3363,3555,34090,3423,2854
440,2,3365,34096,3363,3555,28826,3423,2854
440,3,3365,22530,3363,3555,35518,35524,2854
440,4,3365,39147,3363,3555,28723,,2854
441,1,3365,34095,3363,3555,34090,3423,2854
441,2,3365,34096,3363,3555,28826,3423,2854
441,3,3365,22530,3363,3555,35518,35524,2854
441,4,3365,39147,3363,3555,28723,,2854
442,1,3365,34095,3363,3555,34090,3423,2854
442,2,3365,34096,3363,3555,28826,3423,2854
442,3,3365,22530,3363,3555,35518,35524,2854
442,4,3365,39147,3363,3555,28723,,2854
443,1,3365,34095,3363,3555,34090,3423,2854
443,2,3365,34096,3363,3555,28826,3423,2854
443,3,3365,22530,3363,3555,35518,35524,2854
443,4,3365,39147,3363,3555,28723,,2854
444,1,3365,34095,3363,3555,34090,3423,2854
444,2,3365,34096,3363,3555,28826,3423,2854
444,3,3365,22530,3363,3555,35518,35524,2854
444,4,3365,39147,3363,3555,28723,,2854
445,1,3365,34095,3363,3555,34090,3423,2854
445,2,3365,34096,3363,3555,28826,3423,2854
445,3,3365,22530,3363,3555,35518,35524,2854
445,4,3365,39147,3363,3555,28723,,2854
446,1,3365,34095,3363,3555,34090,3423,2854
446,2,3365,34096,3363,3555,28826,3423,2854
446,3,3365,22530,3363,3555,35518,35524,2854
446,4,3365,39147,3363,3555,28723,,2854
447,1,3365,34095,3363,3555,34090,3423,2854
447,2,3365,34096,3363,3555,28826,3423,2854
447,3,3365,22530,3363,3555,35518,35524,2854
447,4,3365,39147,3363,3555,28723,,2854
448,1,3365,34095,3363,3555,34090,3423,2854
448,2,3365,34096,3363,3555,28826,3423,2854
448,3,3365,22530,3363,3555,35518,35524,2854
448,4,3365,39147,3363,3555,28723,,2854
449,1,3365,34095,3363,3555,34090,3423,2854
449,2,3365,34096,3363,3555,28826,3423,2854
449,3,3365,22530,3363,3555,35518,35524,2854
449,4,3365,39147,3363,3555,28723,,2854
450,1,3365,34095,3363,3555,34090,3423,2854
450,2,3365,34096,3363,3555,28826,3423,2854
450,3,3365,22530,3363,3555,35518,35524,2854
450,4,3365,39147,3363,3555,28723,,2854
451,1,3365,34095,3363,3555,34090,3423,2854
451,2,3365,34096,3363,3555,28826,3423,2854
451,3,3365,22530,3363,3555,35518,35524,2854
451,4,3365,39147,3363,3555,28723,,2854
452,1,3365,34095,3363,3555,34090,3423,2854
452,2,3365,34096,3363,3555,28826,3423,2854
452,3,3365,22530,3363,3555,35518,35524,2854
452,4,3365,39147,3363,3555,28723,,2854
453,1,3365,34095,3363,3555,34090,3423,2854
453,2,3365,34096,3363,3555,28826,3423,2854
453,3,3365,22530,3363,3555,35518,35524,2854
453,4,3365,39147,3363,3555,28723,,2854
454,1,3365,34095,3363,3555,34090,3423,2854
454,2,3365,34096,3363,3555,28826,3423,2854
454,3,3365,22530,3363,3555,35518,35524,2854
454,4,3365,39147,3363,3555,28723,,2854
455,1,3365,34095,3363,3555,34090,3423,2854
455,2,3365,34096,3363,3555,28826,3423,2854
455,3,3365,22530,3363,3555,35518,35524,2854
455,4,3365,39147,3363,3555,28723,,2854
456,1,3365,34095,3363,3555,34090,3423,2854
456,2,3365,34096,3363,3555,28826,3423,2854
456,3,3365,22530,3363,3555,35518,35524,2854
456,4,3365,39147,3363,3555,28723,,2854
457,1,3365,34095,3363,3555,34090,3423,2854
457,2,3365,34096,3363,3555,28826,3423,2854
457,3,3365,22530,3363,3555,35518,35524,2854
457,4,3365,39147,3363,3555,28723,,2854
458,1,3365,34095,3363,3555,34090,3423,2854
458,2,3365,34096,3363,3555,28826,3423,2854
458,3,3365,22530,3363,3555,35518,35524,2854
458,4,3365,39147,3363,3555,28723,,2854
459,1,3365,34095,3363,3555,34090,3423,2854
459,2,3365,34096,3363,3555,28826,3423,2854
459,3,3365,22530,3363,3555,35518,35524,2854
459,4,3365,39147,3363,3555,28723,,2854
460,1,3365,34095,3363,3555,34090,3423,2854
460,2,3365,34096,3363,3555,28826,3423,2854
460,3,3365,22530,3363,3555,35518,35524,2854
460,4,3365,39147,3363,3555,28723,,2854
461,1,3365,34095,3363,3555,34090,3423,2854
461,2,3365,34096,3363,3555,28826,3423,2854
461,3,3365,22530,3363,3555,35518,35524,2854
461,4,3365,39147,3363,3555,28723,,2854
462,1,3365,34095,3363,3555,34090,3423,2854
462,2,3365,34096,3363,3555,28826,3423,2854
462,3,3365,22530,3363,3555,35518,35524,2854
462,4,3365,39147,3363,3555,28723,,2854
463,1,3365,34095,3363,3555,34090,3423,2854
463,2,3365,34096,3363,3555,28826,3423,2854
463,3,3365,22530,3363,3555,35518,35524,2854
463,4,3365,39147,3363,3555,28723,,2854
464,1,3365,34095,3363,3555,34090,3423,2854
464,2,3365,34096,3363,3555,28826,3423,2854
464,3,3365,22530,3363,3555,35518,35524,2854
464,4,3365,39147,3363,3555,28723,,2854
465,1,3365,34095,3363,3555,34090,3423,2854
465,2,3365,34096,3363,3555,28826,3423,2854
465,3,3365,22530,3363,3555,35518,35524,2854
465,4,3365,39147,3363,3555,28723,,2854
466,1,3365,34095,3363,3555,34090,3423,2854
466,2,3365,34096,3363,3555,28826,3423,2854
466,3,3365,22530,3363,3555,35518,35524,2854
466,4,3365,39147,3363,3555,28723,,2854
467,1,3365,34095,3363,3555,34090,3423,2854
467,2,3365,34096,3363,3555,28826,3423,2854
467,3,3365,22530,3363,3555,35518,35524,2854
467,4,3365,39147,3363,3555,28723,,2854
468,1,3365,34095,3363,3555,34090,3423,2854
468,2,3365,34096,3363,3555,28826,3423,2854
468,3,3365,22530,3363,3555,35518,35524,2854
468,4,3365,39147,3363,3555,28723,,2854
469,1,3365,34095,3363,3555,34090,3423,2854
469,2,3365,34096,3363,3555,28826,3423,2854
469,3,3365,22530,3363,3555,35518,35524,2854
469,4,3365,39147,3363,3555,28723,,2854
470,1,3365,34095,3363,3555,34090,3423,2854
470,2,3365,34096,3363,3555,28826,3423,2854
470,3,3365,22530,3363,3555,35518,35524,2854
470,4,3365,39147,3363,3555,28723,,2854
471,1,3365,34095,3363,3555,34090,3423,2854
471,2,3365,34096,3363,3555,28826,3423,2854
471,3,3365,22530,3363,3555,35518,35524,2854
471,4,3365,39147,3363,3555,28723,,2854
472,1,3365,34095,3363,3555,34090,3423,2854
472,2,3365,34096,3363,3555,28826,3423,2854
472,3,3365,22530,3363,3555,35518,35524,2854
472,4,3365,39147,3363,3555,28723,,2854
473,1,3365,34095,3363,3555,34090,3423,2854
473,2,3365,34096,3363,3555,28826,3423,2854
473,3,3365,22530,3363,3555,35518,35524,2854
473,4,3365,39147,3363,3555,28723,,2854
474,1,3365,34095,3363,3555,34090,3423,2854
474,2,3365,34096,3363,3555,28826,3423,2854
474,3,3365,22530,3363,3555,35518,35524,2854
474,4,3365,39147,3363,3555,28723,,2854
475,1,3365,34095,3363,3555,34090,3423,2854
475,2,3365,34096,3363,3555,28826,3423,2854
475,3,3365,22530,3363,3555,35518,35524,2854
475,4,3365,39147,3363,3555,28723,,2854
476,1,3365,34095,3363,3555,34090,3423,2854
476,2,3365,34096,3363,3555,28826,3423,2854
476,3,3365,22530,3363,3555,35518,35524,2854
476,4,3365,39147,3363,3555,28723,,2854
477,1,3365,34095,3363,3555,34090,3423,2854
477,2,3365,34096,3363,3555,28826,3423,2854
477,3,3365,22530,3363,3555,35518,35524,2854
477,4,3365,39147,3363,3555,28723,,2854
478,1,3365,34095,3363,3555,34090,3423,2854
478,2,3365,34096,3363,3555,28826,3423,2854
478,3,3365,22530,3363,3555,35518,35524,2854
478,4,3365,39147,3363,3555,28723,,2854
479,1,3365,34095,3363,3555,34090,3423,2854
479,2,3365,34096,3363,3555,28826,3423,2854
479,3,3365,22530,3363,3555,35518,35524,2854
479,4,3365,39147,3363,3555,28723,,2854
480,1,3365,34095,3363,3555,34090,3423,2854
480,2,3365,34096,3363,3555,28826,3423,2854
480,3,3365,22530,3363,3555,35518,35524,2854
480,4,3365,39147,3363,3555,28723,,2854
481,1,3365,34095,3363,3555,34090,3423,2854
481,2,3365,34096,3363,3555,28826,3423,2854
481,3,3365,22530,3363,3555,35518,35524,2854
481,4,3365,39147,3363,3555,28723,,2854
482,1,3365,34095,3363,3555,34090,3423,2854
482,2,3365,34096,3363,3555,28826,3423,2854
482,3,3365,22530,3363,3555,35518,35524,2854
482,4,3365,39147,3363,3555,28723,,2854
483,1,3365,34095,3363,3555,34090,3423,2854
483,2,3365,34096,3363,3555,28826,3423,2854
483,3,3365,22530,3363,3555,35518,35524,2854
483,4,3365,39147,3363,3555,28723,,2854
484,1,3365,34095,3363,3555,34090,3423,2854
484,2,3365,34096,3363,3555,28826,3423,2854
484,3,3365,22530,3363,3555,35518,35524,2854
484,4,3365,39147,3363,3555,28723,,2854
485,1,3365,34095,3363,3555,34090,3423,2854
485,2,3365,34096,3363,3555,28826,3423,2854
485,3,3365,22530,3363,3555,35518,35524,2854
485,4,3365,39147,3363,3555,28723,,2854
486,1,3365,34095,3363,3555,34090,3423,2854
486,2,3365,34096,3363,3555,28826,3423,2854
486,3,3365,22530,3363,3555,35518,35524,2854
486,4,3365,39147,3363,3555,28723,,2854
487,1,3365,34095,3363,3555,34090,3423,2854
487,2,3365,34096,3363,3555,28826,3423,2854
487,3,3365,22530,3363,3555,35518,35524,2854
487,4,3365,39147,3363,3555,28723,,2854
488,1,3365,34095,3363,3555,34090,3423,2854
488,2,3365,34096,3363,3555,28826,3423,2854
488,3,3365,22530,3363,3555,35518,35524,2854
488,4,3365,39147,3363,3555,28723,,2854
489,1,3365,34095,3363,3555,34090,3423,2854
489,2,3365,34096,3363,3555,28826,3423,2854
489,3,3365,22530,3363,3555,35518,35524,2854
489,4,3365,39147,3363,3555,28723,,2854
490,1,3365,34095,3363,3555,34090,3423,2854
490,2,3365,34096,3363,3555,28826,3423,2854
490,3,3365,22530,3363,3555,35518,35524,2854
490,4,3365,39147,3363,3555,28723,,2854
491,1,3365,34095,3363,3555,34090,3423,2854
491,2,3365,34096,3363,3555,28826,3423,2854
491,3,3365,22530,3363,3555,35518,35524,2854
491,4,3365,39147,3363,3555,28723,,2854
492,1,3365,34095,3363,3555,34090,3423,2854
492,2,3365,34096,3363,3555,28826,3423,2854
492,3,3365,22530,3363,3555,35518,35524,2854
492,4,3365,39147,3363,3555,28723,,2854
493,1,3365,34095,3363,3555,34090,3423,2854
493,2,3365,34096,3363,3555,28826,3423,2854
493,3,3365,22530,3363,3555,35518,35524,2854
493,4,3365,39147,3363,3555,28723,,2854
494,1,3365,34095,3363,3555,34090,3423,2854
494,2,3365,34096,3363,3555,28826,3423,2854
494,3,3365,22530,3363,3555,35518,35524,2854
494,4,3365,39147,3363,3555,28723,,2854
495,1,3365,34095,3363,3555,34090,3423,2854
495,2,3365,34096,3363,3555,28826,3423,2854
495,3,3365,22530,3363,3555,35518,35524,2854
495,4,3365,39147,3363,3555,28723,,2854
496,1,3365,34095,3363,3555,34090,3423,2854
496,2,3365,34096,3363,3555,28826,3423,2854
496,3,3365,22530,3363,3555,35518,35524,2854
496,4,3365,39147,3363,3555,28723,,2854
497,1,3365,34095,3363,3555,34090,3423,2854
497,2,3365,34096,3363,3555,28826,3423,2854
497,3,3365,22530,3363,3555,35518,35524,2854
497,4,3365,39147,3363,3555,28723,,2854
498,1,3365,34095,3363,3555,34090,3423,2854
498,2,3365,34096,3363,3555,28826,3423,2854
498,3,3365,22530,3363,3555,35518,35524,2854
498,4,3365,39147,3363,3555,28723,,2854
499,1,3365,34095,3363,3555,34090,3423,2854
499,2,3365,34096,3363,3555,28826,3423,2854
499,3,3365,22530,3363,3555,35518,35524,2854
499,4,3365,39147,3363,3555,28723,,2854
500,1,3365,34095,3363,3555,34090,3423,2854
500,2,3365,34096,3363,3555,28826,3423,2854
500,3,3365,22530,43881,3555,35518,35524,2854
500,4,3365,39147,43876,3555,28723,,2854
